material_id,formula_pretty,composition,K_vrh,G_vrh
mp-755646,LiCuO,Li2 Cu2 O2,28.615,17.231
mp-975321,LiSi3,Li2 Si6,40.544,1.582
mp-16648,LiSn4Rh,Li2 Sn8 Rh2,63.729,40.822
mp-14209,LiYGe,Li3 Y3 Ge3,59.504,46.996
mp-33322,LiHoSe2,Li2 Ho2 Se4,46.754,31.404
mp-863257,LiGa3,Li1 Ga3,39.269,19.567
mp-865738,LiPrHg2,Li1 Pr1 Hg2,47.688,9.986
mp-3924,LiNbO2,Li2 Nb2 O4,156.667,100.566
mp-29463,LiBeN,Li4 Be4 N4,92.715,65.035
mp-31301,LiSn4Au3,Li2 Sn8 Au6,62.451,20.244
mp-977374,LiLuPd2,Li1 Lu1 Pd2,84.798,0.971
mp-982667,LiAl2Os,Li1 Al2 Os1,136,67.515
mp-862719,LiY2Os,Li1 Y2 Os1,80.346,34.286
mp-867877,LiCdAu2,Li1 Cd1 Au2,73.965,-11.833
mp-31468,LiCaN,Li4 Ca4 N4,69.668,40.787
mp-33363,LiYS2,Li2 Y2 S4,53.265,36.134
mp-973058,LiLu2Al,Li1 Lu2 Al1,54.59,35.495
mp-569450,LiB6C,Li2 B12 C2,196.324,184.076
mp-865228,LiScPt2,Li1 Sc1 Pt2,116.125,61.788
mp-973966,LiIn(IO3)4,Li1 In1 I4 O12,29.761,21.039
mp-1021327,KLiICl,K1 Li1 I1 Cl1,15.287,8.606
mp-3666,LiTaO3,Li2 Ta2 O6,121.383,72.113
mp-865870,LiZr2Os,Li1 Zr2 Os1,134.753,47.3
mp-977391,LiNd2Os,Li1 Nd2 Os1,73.027,30.528
mp-12403,LiBF4,Li3 B3 F12,14.836,7.539
mp-35591,LiErS2,Li2 Er2 S4,53.745,37.776
mp-867222,LiCa2Ir,Li1 Ca2 Ir1,48.032,26.111
mp-570379,Cs2LiLuCl6,Cs2 Li1 Lu1 Cl6,19.84,9.195
mp-11806,LiMgSnPt,Li1 Mg1 Sn1 Pt1,86.934,37.269
mp-867272,LiAlCu2,Li1 Al1 Cu2,87.133,53.421
mp-9919,LiZnSb,Li2 Zn2 Sb2,46.251,25.849
mp-867829,LiVRh2,Li1 V1 Rh2,179.191,80.647
mp-865893,LiZr2Tc,Li1 Zr2 Tc1,117.351,26.476
mp-977570,LiPr2Os,Li1 Pr2 Os1,70.817,28.583
mp-1001581,LiC6,Li1 C6,150.185,115.671
mp-861951,LiTaRh2,Li1 Ta1 Rh2,185.431,67.999
mp-9918,LiGe,Li8 Ge8,39.993,21.135
mp-865963,LiGaAg2,Li1 Ga1 Ag2,66.916,27.563
mp-867255,LiZn2Au,Li1 Zn2 Au1,80.793,20.303
mp-35388,LiSmSe2,Li2 Sm2 Se4,43.726,27.524
mp-862492,LiErTl2,Li1 Er1 Tl2,43.284,21.383
mp-867807,LiYTl2,Li1 Y1 Tl2,41.8,16.305
mp-1025455,LiNb2O,Li2 Nb4 O2,112.151,2.313
mp-29868,LiAuC2,Li1 Au1 C2,50.028,25.135
mp-862841,LiPm2Os,Li1 Pm2 Os1,74.575,31.331
mp-977440,LiTiPt2,Li1 Ti1 Pt2,148.971,47.643
mp-10182,LiZnP,Li1 Zn1 P1,63.12,51.137
mp-934,LiTl,Li1 Tl1,26.903,-2.521
mp-34993,LiAlO2,Li12 Al12 O24,153.169,123.673
mp-6179,KLiSO4,K2 Li2 S2 O8,36.141,20.883
mp-996961,LiAuO2,Li2 Au2 O4,56.84,17.227
mp-867287,LiInAu2,Li1 In1 Au2,76.048,20.793
mp-20698,LiCoAs,Li2 Co2 As2,48.848,30.049
mp-861733,LiTePd2,Li1 Te1 Pd2,94.385,19.117
mp-1029903,LiNbN2,Li4 Nb4 N8,110.992,59.002
mp-2724538,LiCuS,Li2 Cu2 S2,25.653,20.946
mp-862667,LiAc2Ge,Li1 Ac2 Ge1,38.715,20.637
mp-867810,LiYHg2,Li1 Y1 Hg2,52.184,12.474
mp-13474,LiErGe,Li3 Er3 Ge3,59.851,47.51
mp-30764,LiPt2,Li2 Pt4,135.254,64.55
mp-10189,LiTiTe2,Li1 Ti1 Te2,35.309,27.015
mp-865940,LiThAu2,Li1 Th1 Au2,83.821,9.884
mp-15791,LiErS2,Li1 Er1 S2,50.021,28.514
mp-989583,Rb2LiInCl6,Rb2 Li1 In1 Cl6,20.952,10.025
mp-754605,LiLuO2,Li2 Lu2 O4,114.047,69.919
mp-29754,SrLiN,Sr2 Li2 N2,54.044,28.446
mp-5840,LiScO2,Li2 Sc2 O4,118.79,81.291
mp-38280,LiTiO2,Li2 Ti2 O4,170.849,122.647
mp-7243,LiSnPd2,Li1 Sn1 Pd2,108.005,25.46
mp-30301,LiClO4,Li4 Cl4 O16,30.023,18.037
mp-5920,LiAlGe,Li1 Al1 Ge1,55.853,50.642
mp-982666,LiAl2Tc,Li1 Al2 Tc1,115.85,61.853
mp-865907,LiZn3,Li1 Zn3,56.751,2.197
mp-1002069,NaLiICl,Na1 Li1 I1 Cl1,20.106,11.883
mp-864630,LiMg2Hg,Li1 Mg2 Hg1,42.537,22.643
mp-989562,Cs2LiTlF6,Cs2 Li1 Tl1 F6,33.191,8.613
mp-22899,LiI,Li1 I1,19.889,12.473
mp-973191,LiTl3,Li1 Tl3,26.317,7.189
mp-6326,LiAlSiO4,Li12 Al12 Si12 O48,114.023,45.755
mp-1009006,LiCdAs,Li1 Cd1 As1,46.662,3.251
mp-862318,LiAl2Ni,Li1 Al2 Ni1,103.846,69.544
mp-961683,LiMgP,Li1 Mg1 P1,49.919,4.158
mp-38695,LiTbSe2,Li2 Tb2 Se4,46.042,29.91
mp-20363,LiGa2Pt,Li1 Ga2 Pt1,103.688,34.754
mp-4495,KLiTe,K2 Li2 Te2,19.903,11.932
mp-982975,LiBeO3,Li1 Be1 O3,112.446,16.251
mp-2426,LiAg,Li1 Ag1,41.392,18.419
mp-862588,LiDy2Tc,Li1 Dy2 Tc1,68.896,31.932
mp-754912,LiCuO2,Li1 Cu1 O2,109.67,25.035
mp-862312,LiBePd2,Li1 Be1 Pd2,124.471,56.945
mp-862658,LiCu3,Li1 Cu3,92.453,43.619
mp-644419,LiHS,Li4 H4 S4,21.647,6.659
mp-9575,LiBeSb,Li2 Be2 Sb2,56.099,47.692
mp-2475638,LiBe,Li2 Be2,34.988,27.752
mp-977542,LiTbTl2,Li1 Tb1 Tl2,42.072,17.115
mp-1001831,LiB,Li2 B2,125.064,22.505
mp-865231,LiScTl2,Li1 Sc1 Tl2,44.718,22.125
mp-865184,LiScPd2,Li1 Sc1 Pd2,91.829,-47.071
mp-30057,LiCN,Li4 C4 N4,23.889,8.104
mp-24149,LiCe2HO3,Li1 Ce2 H1 O3,123.514,67.366
mp-20310,LiInSe2,Li4 In4 Se8,29.929,13.618
mp-14476,LiRhO2,Li4 Rh4 O8,124.841,39.318
mp-862815,LiScAu2,Li1 Sc1 Au2,82.368,15.743
mp-976600,LiHf2Tc,Li1 Hf2 Tc1,127.886,38.137
mp-865710,LiSnAu2,Li1 Sn1 Au2,67.96,-6.937
mp-8874,LiSiBO4,Li1 Si1 B1 O4,94.759,73.016
mp-571454,LiAgC2,Li1 Ag1 C2,38.657,20.005
mp-961698,LiZnP,Li1 Zn1 P1,64.164,34.294
mp-962070,LiScSi,Li1 Sc1 Si1,48.827,-3.379
mp-861901,LiGaCu2,Li1 Ga1 Cu2,86.815,36.374
mp-866146,LiSm2Ir,Li1 Sm2 Ir1,74.686,30.036
mp-4913,LiGa2Rh,Li1 Ga2 Rh1,103.896,33.902
mp-862657,LiCuPd2,Li1 Cu1 Pd2,144.978,37.593
mp-764648,LiTiO2,Li2 Ti2 O4,140.834,93.619
mp-552588,LiNbO3,Li2 Nb2 O6,144.515,76.732
mp-861931,LiPt3,Li1 Pt3,182.434,85.615
mp-135,Li,Li1,13.87,3.745
mp-753946,LiCoS2,Li2 Co2 S4,76.01,47.947
mp-30648,LiMg2Ga,Li1 Mg2 Ga1,38.321,26.698
mp-976598,LiHf2Ir,Li1 Hf2 Ir1,142.948,57.973
mp-864804,LiTbHg2,Li1 Tb1 Hg2,52.714,4.747
mp-51,Li,Li1,13.874,3.618
mp-21894,LiSn4Ir,Li2 Sn8 Ir2,69.115,46.562
mp-567787,LiInAg2,Li1 In1 Ag2,60.474,20.019
mp-977583,LiNpIr2,Li1 Np1 Ir2,183.332,197.522
mp-862290,LiFeRh2,Li1 Fe1 Rh2,145.894,65.499
mp-975649,LiTm3,Li2 Tm6,36.414,-6.95
mp-1020059,LiGe2N3,Li2 Ge4 N6,122.768,86.576
mp-867196,LiCd2Pd,Li1 Cd2 Pd1,71.539,22.13
mp-976272,LiCa3,Li1 Ca3,15.36,-6.125
mp-10614,SrLiP,Sr1 Li1 P1,42.523,29.394
mp-753257,LiCuF4,Li2 Cu2 F8,27.725,19.272
mp-40189,BaLiLaTeO6,Ba1 Li1 La1 Te1 O6,289.195,-112.455
mp-10890,LiAl3,Li1 Al3,63.994,40.501
mp-862927,LiPmHg2,Li1 Pm1 Hg2,49.81,11.196
mp-867160,LiCd2Au,Li1 Cd2 Au1,64.741,16.546
mp-753508,LiCuS,Li4 Cu4 S4,38.109,15.988
mp-862321,LiAsPd2,Li1 As1 Pd2,108.466,35.687
mp-861658,LiMnPt2,Li1 Mn1 Pt2,134.07,50.068
mp-3524,LiPN2,Li2 P2 N4,135.35,100.508
mp-10181,LiSiNi2,Li1 Si1 Ni2,149.838,65.605
mp-570935,LiI,Li2 I2,14.86,6.203
mp-1001784,LiTiS2,Li1 Ti1 S2,60.842,39.777
mp-569788,LiZnGe,Li3 Zn3 Ge3,52.042,35.794
mp-20801,LiIn2Pd,Li1 In2 Pd1,67.719,18.833
mp-976426,LiLuHg2,Li1 Lu1 Hg2,54.534,16.026
mp-861875,LiHf2Re,Li1 Hf2 Re1,137.66,44.212
mp-11248,LiAu3,Li1 Au3,98.057,10.927
mp-631269,LiIrRh,Li1 Ir1 Rh1,141.531,30.087
mp-2362485,LiMg,Li3 Mg3,25.554,12.984
mp-672340,LiIn2Ru,Li1 In2 Ru1,95.132,41.998
mp-15788,LiYS2,Li1 Y1 S2,48.397,27.464
mp-865708,LiSm2Ru,Li1 Sm2 Ru1,66.47,25.565
mp-28567,LiBiF4,Li2 Bi2 F8,75.053,26.886
mp-13322,LiGeRh2,Li1 Ge1 Rh2,168.2,90.626
mp-867250,LiZn2Pd,Li1 Zn2 Pd1,87.893,26.455
mp-31208,LiIn2Ir,Li1 In2 Ir1,103.987,40.176
mp-5127,LiCuO,Li4 Cu4 O4,69.627,32.616
mp-675460,LiTiCl3,Li1 Ti1 Cl3,35.091,16.043
mp-631338,LiZrSc,Li1 Zr1 Sc1,25.706,-43.555
mp-8310,Li(NiP)2,Li1 Ni2 P2,111.137,44.076
mp-568273,LiI,Li2 I2,20.169,10.762
mp-1138,LiF,Li1 F1,69.649,50.018
mp-1018135,LiCdAs,Li1 Cd1 As1,46.596,29.67
mp-865912,LiZn2Rh,Li1 Zn2 Rh1,102.513,37.415
mp-2743,LiPd,Li1 Pd1,72.655,24.82
mp-8756,KLiSe,K2 Li2 Se2,24.635,15.306
mp-758604,LiAgF2,Li2 Ag2 F4,36.273,1.696
mp-865872,LiZr2Re,Li1 Zr2 Re1,126.874,37.587
mp-11582,LiGaSe2,Li4 Ga4 Se8,34.67,17.624
mp-30738,LiIr3,Li1 Ir3,242.519,112.944
mp-973415,LiLa3,Li2 La6,23.83,8.867
mp-867285,LiTb2Ir,Li1 Tb2 Ir1,81.503,33.159
mp-977399,LiMgPd2,Li1 Mg1 Pd2,84.673,40.498
mp-977563,LiNbIr2,Li1 Nb1 Ir2,209.556,85.649
mp-1934,LiZn,Li2 Zn2,41.652,22.505
mp-30079,LiMg2Ge,Li1 Mg2 Ge1,38.234,-52.54
mp-21297,LiSn4Ru,Li2 Sn8 Ru2,68.495,45.755
mp-23797,LiH6ClO7,Li2 H12 Cl2 O14,20.3,13.733
mp-25372,LiCuO2,Li1 Cu1 O2,118.564,59.679
mp-567652,Cs2LiYCl6,Cs2 Li1 Y1 Cl6,19.256,9.676
mp-861930,LiPdAu2,Li1 Pd1 Au2,102.194,11.699
mp-15793,LiTbSe2,Li1 Tb1 Se2,40.551,23.333
mp-755570,Li(NiS)2,Li1 Ni2 S2,72.246,20.112
mp-867252,LiZn2Ni,Li1 Zn2 Ni1,41.35,35.747
mp-1063005,Li,Li3,13.65,5.187
mp-1009009,LiF,Li1 F1,70.937,-5.79
mp-30156,LiMgN,Li4 Mg4 N4,96.016,79.534
mp-862549,LiAcTl2,Li1 Ac1 Tl2,34.711,6.17
mp-862632,LiCa2Al,Li1 Ca2 Al1,29.043,20.041
mp-7575,LiZnN,Li1 Zn1 N1,112.773,83.729
mp-530399,LiAl5O8,Li4 Al20 O32,196.082,120.442
mp-16349,LiNi2Ge,Li1 Ni2 Ge1,132.644,46.128
mp-1001835,LiB,Li2 B2,70.778,45.849
mp-941221,Li(BH)5,Li6 B30 H30,16.486,10.386
mp-961723,LiCaRh,Li1 Ca1 Rh1,42.619,8.295
mp-8452,NaLiS,Na2 Li2 S2,35.529,23.768
mp-861881,LiGeAu2,Li1 Ge1 Au2,77.804,17.072
mp-754344,LiZnO2,Li1 Zn1 O2,101.841,45.232
mp-867744,LiTi3O4,Li1 Ti3 O4,193.852,81.153
mp-9719,Na2LiAlP2,Na8 Li4 Al4 P8,40.227,27.656
mp-7298,Li(CuP)2,Li1 Cu2 P2,92.396,37.221
mp-631334,LiTc2Pd,Li1 Tc2 Pd1,176.159,-11.236
mp-2479693,LiCaSn,Li3 Ca3 Sn3,33.128,26.704
mp-1021323,LiC12,Li1 C12,140.283,106.231
mp-756094,LiFeS2,Li1 Fe1 S2,70.86,31.867
mp-861736,LiSbPd2,Li1 Sb1 Pd2,107.809,33.967
mp-13288,Ba3LiN,Ba6 Li2 N2,12.858,0.547
mp-862297,LiAlRh2,Li1 Al1 Rh2,147.585,66.739
mp-973824,LiHg3,Li1 Hg3,22.639,18.474
mp-35717,LiDySe2,Li2 Dy2 Se4,46.015,30.614
mp-973940,LiCd3,Li1 Cd3,41.518,5.772
mp-865812,LiSmHg2,Li1 Sm1 Hg2,50.518,10.941
mp-974060,LiDy3,Li1 Dy3,32.831,-5.24
mp-36111,LiMgP,Li1 Mg1 P1,53.996,43.198
mp-864755,LiAcTe2,Li1 Ac1 Te2,41.104,-4.408
mp-11390,LiGaSi,Li1 Ga1 Si1,58.688,46.327
mp-972285,Sr3Li,Sr3 Li1,11.008,8.744
mp-1008911,LiMnAs,Li1 Mn1 As1,43.203,33.252
mp-996988,LiAgO2,Li1 Ag1 O2,75.626,6.182
mp-2659898,LiBH4,Li2 B2 H8,17.533,10.774
mp-632808,BaLiH3,Ba1 Li1 H3,16.673,6.439
mp-3731,LiNbO3,Li8 Nb8 O24,103.121,49.129
mp-23259,LiBr,Li1 Br1,25.963,16.321
mp-865868,LiZrRh2,Li1 Zr1 Rh2,137.351,45.895
mp-975906,LiAl3,Li1 Al3,62.466,39.623
mp-862335,LiAsRh2,Li1 As1 Rh2,160.442,59.369
mp-631339,Na2LiTa,Na2 Li1 Ta1,17.782,5.998
mp-973613,LiCeO3,Li1 Ce1 O3,156.051,17.775
mp-20265,LiIn2Pt,Li1 In2 Pt1,81.018,28.966
mp-10173,Li,Li2,14.344,7.956
mp-1008925,LiFeP,Li1 Fe1 P1,63.254,71.498
mp-8001,LiAlO2,Li1 Al1 O2,142.701,96.813
mp-974938,Rb3Li,Rb3 Li1,3.531,1.539
mp-1029338,LiV2N3,Li2 V4 N6,147.437,66.596
mp-25417,LiTiO2,Li1 Ti1 O2,132.322,77.858
mp-7554,LiMgSnAu,Li1 Mg1 Sn1 Au1,61.1,16.802
mp-541365,LiEuH3,Li1 Eu1 H3,47.287,49.922
mp-559612,KLiO,K4 Li4 O4,31.925,20.733
mp-977561,LiTaIr2,Li1 Ta1 Ir2,222.448,100.908
mp-975909,LiAu3,Li1 Au3,102.226,31.714
mp-753506,LiBiS2,Li1 Bi1 S2,60.947,36.004
mp-11977,LiSnAu,Li2 Sn2 Au2,58.955,14.507
mp-20998,LiCaPb,Li3 Ca3 Pb3,29.742,24.614
mp-8002,LiGaO2,Li1 Ga1 O2,118.336,71.709
mp-30817,LiAl2Pd,Li1 Al2 Pd1,104.819,56.274
mp-758302,LiAgF2,Li2 Ag2 F4,54.712,112.431
mp-755253,LiZrO2,Li2 Zr2 O4,158.131,100.522
mp-864762,LiMg2Zn,Li1 Mg2 Zn1,40.259,26.795
mp-861616,LiSc2Ir,Li1 Sc2 Ir1,99.243,38.644
mp-8481,LiPrGe,Li3 Pr3 Ge3,53.023,37.085
mp-867267,LiHo2Pt,Li1 Ho2 Pt1,74.476,31.91
mp-976259,LiTmRh2,Li1 Tm1 Rh2,103.934,38.993
mp-861913,LiDy2Al,Li1 Dy2 Al1,49.683,31.25
mp-962069,LiAgTe,Li1 Ag1 Te1,40.089,-1.732
mp-862842,LiPm2Pt,Li1 Pm2 Pt1,63.715,20.936
mp-8873,LiGeBO4,Li1 Ge1 B1 O4,89.133,60.304
mp-861896,LiHg2Pd,Li1 Hg2 Pd1,69.136,11.597
mp-864614,LiMg2Pt,Li1 Mg2 Pt1,70.501,34.393
mp-2468774,LiCuS,Li4 Cu4 S4,62.759,30.22
mp-36791,LiNdS2,Li2 Nd2 S4,47.891,29.894
mp-861666,LiRu2W,Li1 Ru2 W1,221.989,82.095
mp-766486,LiCuS2,Li2 Cu2 S4,46.834,21.639
mp-13277,BaLiP,Ba2 Li2 P2,39.363,29.534
mp-13916,LiCaSi2,Li4 Ca4 Si8,47.84,36.127
mp-1029932,LiVN2,Li4 V4 N8,80.75,46.341
mp-861625,LiZnAg2,Li1 Zn1 Ag2,65.489,15.67
mp-867211,LiCa2In,Li1 Ca2 In1,27.505,18.813
mp-12716,LiTlPd2,Li1 Tl1 Pd2,94.163,36.325
mp-753722,LiCuS2,Li1 Cu1 S2,41.616,16.147
mp-864631,LiNbRh2,Li1 Nb1 Rh2,175.191,56.338
mp-989579,Rb2LiTlCl6,Rb2 Li1 Tl1 Cl6,19.666,10.376
mp-862677,LiHoTl2,Li1 Ho1 Tl2,42.546,19.632
mp-989504,Na2LiNF6,Na2 Li1 N1 F6,59.139,30.306
mp-976291,LiAlH4,Li2 Al2 H8,24.716,16.29
mp-753541,LiCuF4,Li2 Cu2 F8,39.822,12.424
mp-1029395,LiCrN2,Li2 Cr2 N4,87.366,47.814
mp-9562,LiBeAs,Li2 Be2 As2,54.336,35.547
mp-753605,LiCuS,Li4 Cu4 S4,26.248,16.527
mp-569331,Li(Sn3Pd)2,Li2 Sn12 Pd4,61.911,17.812
mp-973874,LiLa2Al,Li1 La2 Al1,36.572,21.112
mp-867927,LiVIr2,Li1 V1 Ir2,223.046,108.216
mp-754537,LiLuO2,Li1 Lu1 O2,96.985,46.12
mp-861956,LiPm2Ir,Li1 Pm2 Ir1,73.728,28.359
mp-973561,LiCe2Ru,Li1 Ce2 Ru1,65.477,6.7
mp-961684,LiCaAs,Li1 Ca1 As1,37.314,17.972
mp-865116,LiSmTl2,Li1 Sm1 Tl2,41.722,15.962
mp-30821,LiAl2Rh,Li1 Al2 Rh1,119.342,55.198
mp-982974,LiBeAu2,Li1 Be1 Au2,105.456,34.74
mp-861624,LiLaHg2,Li1 La1 Hg2,44.988,9.091
mp-862296,LiAlPt2,Li1 Al1 Pt2,151.998,104.435
mp-867834,LiHfPt2,Li1 Hf1 Pt2,146.996,23.595
mp-976424,LiLa3,Li1 La3,30.515,10.268
mp-865939,LiMg2,Li1 Mg2,30.17,19.141
mp-976280,LiBr,Li2 Br2,19.461,8.428
mp-2365577,LiNiS2,Li2 Ni2 S4,71.293,34.235
mp-755000,LiTiO2,Li2 Ti2 O4,129.822,57.795
mp-13914,LiCo2Ge,Li1 Co2 Ge1,154.032,97.165
mp-27227,LiAg3O2,Li2 Ag6 O4,66.519,19.457
mp-867313,LiTmPt2,Li1 Tm1 Pt2,103.456,37.47
mp-1018786,LiMnSb,Li2 Mn2 Sb2,30.709,14.417
mp-862377,LiBe2Ir,Li1 Be2 Ir1,139.753,64.707
mp-631330,LiTaW2,Li1 Ta1 W2,174.843,-47.706
mp-11512,LiAl2Ir,Li1 Al2 Ir1,135.916,52.607
mp-29520,LiAuI4,Li2 Au2 I8,6.138,3.8
mp-864784,LiSnRh2,Li1 Sn1 Rh2,142.707,67.926
mp-758741,Li(FeP)2,Li1 Fe2 P2,126.556,66.399
mp-12564,LiSbAu,Li1 Sb1 Au1,53.85,8.279
mp-867206,LiCd2Pt,Li1 Cd2 Pt1,84.2,23.689
mp-861900,LiGaAu2,Li1 Ga1 Au2,85.118,26.976
mp-865936,LiSc2Tc,Li1 Sc2 Tc1,82.734,32.676
mp-1001786,LiScS2,Li1 Sc1 S2,55.65,32.783
mp-13444,LiSn,Li6 Sn6,37.597,17.536
mp-5048,LiGaTe2,Li2 Ga2 Te4,26.207,13.673
mp-867119,LiHfPd2,Li1 Hf1 Pd2,117.376,19.867
mp-862555,LiY2Al,Li1 Y2 Al1,50.306,33.33
mp-975990,NaLiO3,Na1 Li1 O3,49.933,13.061
mp-862774,LiInPt2,Li1 In1 Pt2,128.499,129.985
mp-867364,LiTmPd2,Li1 Tm1 Pd2,82.224,-4.548
mp-867258,LiZnPd2,Li1 Zn1 Pd2,109.393,50.885
mp-862684,LiHf2Os,Li1 Hf2 Os1,145.945,59.172
mp-867148,LiHfRh2,Li1 Hf1 Rh2,145.866,55.025
mp-9615,LiTiS2,Li1 Ti1 S2,65.258,48.553
mp-8754,NaLiTe,Na4 Li4 Te4,24.832,15.62
mp-1029294,LiSn2N3,Li2 Sn4 N6,83.514,48.959
mp-23856,LiHO,Li2 H2 O2,14.251,10.119
mp-9472,LiAg2Ge,Li1 Ag2 Ge1,64.676,17.417
mp-861932,LiZnAu2,Li1 Zn1 Au2,86.57,0.923
mp-867924,LiCdPd2,Li1 Cd1 Pd2,93.448,30.879
mp-863659,LiScHg2,Li1 Sc1 Hg2,57.209,15.302
mp-604313,Li,Li4,9.564,-13.034
mp-22905,LiCl,Li1 Cl1,32.161,20.781
mp-567097,LiCu2Ge,Li1 Cu2 Ge1,88.21,36.738
mp-861629,LiMnPd2,Li1 Mn1 Pd2,102.805,43.455
mp-753848,Li(CuO)3,Li2 Cu6 O6,89.756,41.778
mp-753371,LiCuS,Li4 Cu4 S4,32.045,8.094
mp-996992,LiAgO2,Li1 Ag1 O2,70.805,27.457
mp-861661,LiPr2Ru,Li1 Pr2 Ru1,61.849,22.364
mp-2659,LiN3,Li1 N3,35.899,18.796
mp-23702,LiH2N,Li4 H8 N4,28.876,21.892
mp-1029424,LiTi2N3,Li2 Ti4 N6,134.345,71.603
mp-3348,LiBIr,Li4 B4 Ir4,163.719,69.518
mp-976260,LiTm2Au,Li1 Tm2 Au1,64.88,35.495
mp-853967,LiCuS,Li4 Cu4 S4,42.412,15.398
mp-795,LiSi,Li8 Si8,52.319,36.261
mp-3700,LiYF4,Li2 Y2 F8,79.743,31.762
mp-753326,LiAg2F6,Li1 Ag2 F6,50.447,17.197
mp-989405,Cs2LiInBr6,Cs2 Li1 In1 Br6,16.592,8.914
mp-7555,LiMgSnPd,Li1 Mg1 Sn1 Pd1,73.754,33.072
mp-973455,LiMg2,Li2 Mg4,29.769,23.398
mp-675334,LiTi2O4,Li1 Ti2 O4,168.606,114.219
mp-9588,LiP,Li8 P8,41.365,26.861
mp-1067,LiAl,Li2 Al2,48.228,32.432
mp-975044,Li(SiRh)2,Li2 Si4 Rh4,162.926,68.685
mp-867197,LiGaNi2,Li1 Ga1 Ni2,117.728,-16.545
mp-976411,Li,Li4,13.866,6.849
mp-862613,LiAc2Ga,Li1 Ac2 Ga1,33.104,19.764
mp-862737,LiHgPd2,Li1 Hg1 Pd2,97.049,22.7
mp-22716,LiCu2P,Li2 Cu4 P2,77.333,32.433
mp-30819,LiAl2Pt,Li1 Al2 Pt1,124.378,59.706
mp-867170,LiGaPt2,Li1 Ga1 Pt2,151.641,153.628
mp-569685,LiZnP,Li1 Zn1 P1,58.055,-72.249
mp-1307,LiGa,Li2 Ga2,42.172,20.189
mp-989551,LiTl2InF6,Li1 Tl2 In1 F6,41.494,13.628
mp-10615,BaLiP,Ba1 Li1 P1,37.873,24.535
mp-1018133,LiHPd,Li1 H1 Pd1,82.256,38.705
mp-6521,LiLaTiO4,Li2 La2 Ti2 O8,122.869,53.816
mp-867198,LiGaPd2,Li1 Ga1 Pd2,117.477,-39.18
mp-867223,LiGa2Ni,Li1 Ga2 Ni1,90.52,42.228
mp-15789,LiDyS2,Li1 Dy1 S2,49.046,27.451
mp-861955,LiPm2Ge,Li1 Pm2 Ge1,52.428,26.487
mp-755144,NaLiO,Na2 Li2 O2,55.978,39.05
mp-865578,LiNd2Ga,Li1 Nd2 Ga1,43.608,24.558
mp-20567,LiGa2Ru,Li1 Ga2 Ru1,115.246,46.408
mp-605860,Ba2LiN,Ba16 Li8 N8,16.114,6.403
mp-773044,LiCuO2,Li2 Cu2 O4,57.048,22.461
mp-631319,LiTiRe,Li1 Ti1 Re1,86.699,-27.038
mp-21471,LiFeAs,Li2 Fe2 As2,67.093,39.305
mp-33526,LiBiS2,Li2 Bi2 S4,49.655,32.521
mp-974642,LiAg2Pb,Li1 Ag2 Pb1,47.164,8.871
mp-33667,LiDyS2,Li2 Dy2 S4,53.412,36.047
mp-867873,LiTm2Al,Li1 Tm2 Al1,53.804,35.568
mp-867121,LiY2Pt,Li1 Y2 Pt1,71.412,30.073
mp-9839,K2LiAlF6,K2 Li1 Al1 F6,49.406,25.226
mp-5419,LiGa2Ir,Li1 Ga2 Ir1,121.949,40.935
mp-11807,LiPt,Li1 Pt1,113.442,51.982
mp-32641,LiS,Li1 S1,39.492,-36.107
mp-755959,NaLiO,Na4 Li4 O4,38.429,16.356
mp-976793,LiEr2Ga,Li1 Er2 Ga1,54.254,36.081
mp-862673,LiY2Ru,Li1 Y2 Ru1,70.948,29.28
mp-865924,LiZrAu2,Li1 Zr1 Au2,103.353,5.343
mp-861876,LiAc2Si,Li1 Ac2 Si1,39.953,22.936
mp-973841,LiHo2Al,Li1 Ho2 Al1,51.616,33.455
mp-865795,LiSc2Ru,Li1 Sc2 Ru1,87.654,34.245
mp-24150,LiNd2HO3,Li1 Nd2 H1 O3,133.492,86.992
mp-1205309,LiB,Li2 B2,43.817,32.433
mp-15796,LiHoSe2,Li1 Ho1 Se2,40.461,24.071
mp-996987,LiCuO2,Li2 Cu2 O4,78.449,43.139
mp-3635,LiBO2,Li4 B4 O8,62.738,31.277
mp-862870,LiTcO3,Li1 Tc1 O3,194.213,79.846
mp-862619,LiErIn2,Li1 Er1 In2,43.83,20.144
mp-29633,LiGePd2,Li1 Ge1 Pd2,121.813,37.662
mp-24148,LiLa2HO3,Li1 La2 H1 O3,125.243,72.439
mp-867253,LiZn2Ir,Li1 Zn2 Ir1,116.817,40.679
mp-862926,LiPmAu2,Li1 Pm1 Au2,65.291,67.79
mp-632402,LiCaUF8,Li1 Ca1 U1 F8,44.136,14.907
mp-14208,LiYSi,Li3 Y3 Si3,62.422,48.636
mp-2894145,LiMg6Mo,Li1 Mg6 Mo1,46.099,27.637
mp-13590,LiB(CN)4,Li1 B1 C4 N4,28.204,6.383
mp-5159,LiGa2Pd,Li1 Ga2 Pd1,83.371,20.021
mp-11947,LiAlAg2,Li1 Al1 Ag2,71.27,32.565
mp-20049,LiFeP,Li2 Fe2 P2,71.576,51.439
mp-3660,LiB3O5,Li4 B12 O20,83.932,47.464
mp-861660,LiNdHg2,Li1 Nd1 Hg2,48.714,9.543
mp-865933,LiSiIr2,Li1 Si1 Ir2,230.966,127.917
mp-15821,LiNdGe,Li3 Nd3 Ge3,54.525,38.814
mp-23736,LiMgH3,Li2 Mg2 H6,40.623,28.674
mp-5853,LiSi2N3,Li2 Si4 N6,158.088,121.468
mp-6668,LiTiPO5,Li4 Ti4 P4 O20,97.252,58.853
mp-961703,NaLiPt,Na1 Li1 Pt1,28.036,-40.599
mp-10687,LiCdP,Li1 Cd1 P1,53.16,4.094
mp-600561,LiRh,Li1 Rh1,106.321,41.679
mp-862716,LiAg3,Li1 Ag3,66.506,24.289
mp-861954,LiTaRu2,Li1 Ta1 Ru2,190.046,66.077
mp-862887,LiSc2Os,Li1 Sc2 Os1,98.86,40.992
mp-976330,LiZr2Ir,Li1 Zr2 Ir1,131.667,40.126
mp-6270,Ba2LiReO6,Ba2 Li1 Re1 O6,84.792,43.501
mp-1009014,LiCuO,Li1 Cu1 O1,97.277,46.923
mp-989512,LiTl2InCl6,Li1 Tl2 In1 Cl6,22.841,10.42
mp-865925,LiZrIr2,Li1 Zr1 Ir2,164.912,53.838
mp-6654,Cs2LiGaF6,Cs2 Li1 Ga1 F6,23.035,9.426
mp-760408,LiZnO2,Li2 Zn2 O4,94.162,49.385
mp-556562,LiAsH6(OF2)3,Li2 As2 H12 O6 F12,16.616,9.562
mp-975368,LiCa2Mg,Li1 Ca2 Mg1,20.611,9.154
mp-552663,LiScAs2O7,Li1 Sc1 As2 O7,88.172,46.083
mp-867210,LiCa2Hg,Li1 Ca2 Hg1,26.023,12.698
mp-13396,LiIn2Rh,Li1 In2 Rh1,90.326,37.101
mp-1018026,LiAg,Li2 Ag2,44.019,14.296
mp-863675,LiPm2Ru,Li1 Pm2 Ru1,65.347,24.444
mp-1029251,LiRuN,Li4 Ru4 N4,104.541,58.104
mp-504691,LiMnP,Li2 Mn2 P2,88.94,38.837
mp-1001790,LiO3,Li1 O3,36.573,18.166
mp-865444,LiSc2Pt,Li1 Sc2 Pt1,89.908,37.52
mp-1017626,LiCaF3,Li1 Ca1 F3,79.537,48.995
mp-631333,LiPdW2,Li1 Pd1 W2,189.875,-11.43
mp-862775,LiInRh2,Li1 In1 Rh2,125.117,36.12
mp-753098,LiCuF2,Li1 Cu1 F2,57.622,24.837
mp-867872,LiCdAg2,Li1 Cd1 Ag2,58.234,8.994
mp-973826,LiHoSn2,Li1 Ho1 Sn2,46.456,79.056
mp-3161,LiAlSi,Li1 Al1 Si1,63.069,55.349
mp-862610,LiHfIr2,Li1 Hf1 Ir2,174.685,62.733
mp-30763,LiPd2Pb,Li1 Pd2 Pb1,81.931,9.173
mp-8132,Li(TiSe2)3,Li1 Ti3 Se6,23.112,17.774
mp-867235,LiY2Ir,Li1 Y2 Ir1,80.823,32.546
mp-569834,LiCu2Sn,Li2 Cu4 Sn2,75.321,44.076
mp-644271,LiHS,Li2 H2 S2,21.446,7.822
mp-862717,LiAlAu2,Li1 Al1 Au2,97.735,36.27
mp-754542,LiVS2,Li1 V1 S2,61.175,32.603
mp-862928,LiPmTl2,Li1 Pm1 Tl2,41.737,15.462
mp-30209,LiBH4,Li4 B4 H16,15.533,7.936
mp-757100,LiCoS2,Li1 Co1 S2,69.93,19.302
mp-7473,LiCu2Si,Li1 Cu2 Si1,105.396,55.803
mp-559598,LiScF4,Li2 Sc2 F8,86.711,31.055
mp-1378,LiC,Li2 C2,40.769,30.156
mp-12558,LiMgAs,Li1 Mg1 As1,46.549,36.802
mp-867926,LiInPd2,Li1 In1 Pd2,100.631,-2.593
mp-755552,LiYS2,Li1 Y1 S2,69.089,43.12
mp-867812,LiAlNi2,Li1 Al1 Ni2,117.454,4.832
mp-752927,LiAgF2,Li2 Ag2 F4,68.307,14.637
mp-867803,LiCa2Cd,Li1 Ca2 Cd1,23.718,11.67
mp-10584,Ba2LiOsO6,Ba2 Li1 Os1 O6,82.233,43.765
mp-861882,LiGeIr2,Li1 Ge1 Ir2,206.944,107.147
mp-973374,LiMg2,Li2 Mg4,28.486,13.561
mp-863727,LiTiRh2,Li1 Ti1 Rh2,154.975,60.474
mp-867805,LiCa2Ga,Li1 Ca2 Ga1,28.548,20.928
mp-976596,LiLu2Ga,Li1 Lu2 Ga1,56.068,37.55
mp-962066,NaLiTe,Na1 Li1 Te1,21.842,-58.994
mp-14115,LiRhO2,Li1 Rh1 O2,114.358,43.813
mp-2012,LiHg,Li1 Hg1,32.253,13.906
mp-279,LiIr,Li1 Ir1,141.786,68.118
mp-7936,LiNbS2,Li2 Nb2 S4,82.755,57.167
mp-864597,LiMgTl2,Li1 Mg1 Tl2,30.009,13.128
mp-7350,Li(YSi)2,Li2 Y4 Si4,67.911,42.707
mp-631449,LiTaBe,Li1 Ta1 Be1,65.88,-19.055
mp-867145,LiHo2Ga,Li1 Ho2 Ga1,54.046,34.678
mp-9950,BaLiSi,Ba1 Li1 Si1,28.242,17.23
mp-862730,LiGaRh2,Li1 Ga1 Rh2,148.873,59.775
mp-756784,LiSbS2,Li1 Sb1 S2,62.775,35.827
mp-977380,LiMg2Pd,Li1 Mg2 Pd1,57.675,25.898
mp-867820,LiAlPd2,Li1 Al1 Pd2,119.104,-37.156
mp-22460,LiIn,Li2 In2,32.743,7.674
mp-867251,LiZn2Pt,Li1 Zn2 Pt1,104.433,31.667
mp-28254,LiRuO2,Li2 Ru2 O4,196.978,103.758
mp-15820,LiHoGe,Li3 Ho3 Ge3,61.118,48.427
mp-754516,LiNiP,Li2 Ni2 P2,59.926,32.248
mp-861933,LiTmHg2,Li1 Tm1 Hg2,54.296,15.603
mp-1001783,LiSnS2,Li1 Sn1 S2,47.326,26.474
mp-758052,LiCuF3,Li2 Cu2 F6,72.986,4.969
mp-976744,LiEr2Tl,Li1 Er2 Tl1,50.836,28.817
mp-9124,LiZnAs,Li1 Zn1 As1,53.606,40.964
mp-867167,LiCa2Tl,Li1 Ca2 Tl1,26.242,14.441
mp-30759,LiMg2Tl,Li1 Mg2 Tl1,32.073,13.48
mp-862745,Sr2LiPt,Sr2 Li1 Pt1,30.834,14.401
mp-867902,LiSiRh2,Li1 Si1 Rh2,186.513,102.23
mp-10485,BaLiSb,Ba2 Li2 Sb2,30.026,23.278
mp-989536,Cs2LiNF6,Cs2 Li1 N1 F6,38.096,-12.71
mp-863673,LiPm2Rh,Li1 Pm2 Rh1,62.498,22.513
mp-13915,LiNi2Sn,Li1 Ni2 Sn1,112.914,29.525
mp-867293,LiCo2Si,Li1 Co2 Si1,171.867,117.437
mp-624492,Li(Fe3Ge2)2,Li1 Fe6 Ge4,127.273,59.397
mp-861947,LiPm2Ga,Li1 Pm2 Ga1,41.038,25.461
mp-569073,LiSn,Li3 Sn3,34.696,19.881
mp-16343,LiInGe,Li1 In1 Ge1,37.377,33.386
mp-865793,LiSc2Rh,Li1 Sc2 Rh1,85.14,30.034
mp-9244,LiBC,Li2 B2 C2,153.134,133.263
mp-20754,LiCeSn2,Li2 Ce2 Sn4,47.381,27.191
mp-865029,LiPaRu2,Li1 Pa1 Ru2,146.833,9.708
mp-4226,LiCrS2,Li1 Cr1 S2,64.206,40.013
mp-10178,LiMgP,Li1 Mg1 P1,55.743,22.303
mp-568466,LiInSn,Li1 In1 Sn1,34.609,19.365
mp-961645,LiAlGe,Li1 Al1 Ge1,48.554,4.56
mp-30765,LiPt7,Li1 Pt7,217.916,77.09
mp-7149,Na2LiN,Na2 Li1 N1,33.247,16.882
mp-551092,KLiZnO2,K2 Li2 Zn2 O4,58.328,29.535
mp-37906,LiMgN,Li1 Mg1 N1,98.683,82.964
mp-1437,LiCd,Li2 Cd2,35.162,11.921
mp-861936,LiPd3,Li1 Pd3,120.749,37.805
mp-777047,LiTmO2,Li1 Tm1 O2,93.296,40.168
mp-9158,LiCuO2,Li1 Cu1 O2,81.11,41.021
mp-7543,LiVS2,Li1 V1 S2,64.697,189.536
mp-15795,LiDySe2,Li1 Dy1 Se2,41.119,24.176
mp-11175,LiZnPS4,Li1 Zn1 P1 S4,31.32,15.461
mp-866150,LiSm2Os,Li1 Sm2 Os1,74.266,31.695
mp-1018134,Li,Li3,13.804,4.151
mp-8180,LiNO3,Li2 N2 O6,39.77,22.996
mp-10250,BaLiF3,Ba1 Li1 F3,69.602,42.339
mp-865866,LiZrPt2,Li1 Zr1 Pt2,139.016,27.199
mp-3427,LiAlO2,Li4 Al4 O8,92.356,52.968
mp-861652,LiLuPt2,Li1 Lu1 Pt2,106.05,41.098
mp-758594,Li(Fe3P2)2,Li1 Fe6 P4,175.385,39.307
mp-2744,LiPd,Li1 Pd1,79.812,34.789
mp-28835,LiScI3,Li2 Sc2 I6,16.739,10.994
mp-861667,LiSbRh2,Li1 Sb1 Rh2,149.879,13.887
mp-864772,LiSc2Au,Li1 Sc2 Au1,74.156,36.814
mp-23818,BaLiH3,Ba1 Li1 H3,37.474,38.849
mp-2468815,LiCoS2,Li2 Co2 S4,80.565,31.703
mp-861665,LiTmIn2,Li1 Tm1 In2,38.577,18.108
mp-862316,LiBePt2,Li1 Be1 Pt2,165.822,79.648
mp-977418,LiMgAu2,Li1 Mg1 Au2,68.967,18.185
mp-973979,LiFePd2,Li1 Fe1 Pd2,119.616,34.793
mp-864601,LiMg2Rh,Li1 Mg2 Rh1,66.418,29.172
mp-861905,LiBiPd2,Li1 Bi1 Pd2,82.613,15.71
mp-4586,LiAlTe2,Li2 Al2 Te4,27.57,13.523
mp-2927,LiAg2Sn,Li1 Ag2 Sn1,59.483,23.975
mp-23703,LiH,Li1 H1,36.35,42.538
mp-774712,LiCuS,Li2 Cu2 S2,53.764,17.871
mp-864930,LiTiIr2,Li1 Ti1 Ir2,190.484,77.224
mp-10616,BaLiAs,Ba1 Li1 As1,34.083,22.719
mp-864598,LiMg2Ag,Li1 Mg2 Ag1,44.769,22.76
mp-37879,LiYSe2,Li2 Y2 Se4,45.569,30.214
mp-864997,LiSiPd2,Li1 Si1 Pd2,139.601,50.183
mp-974950,Rb3Li,Rb3 Li1,3.577,1.129
mp-34477,LiSmS2,Li2 Sm2 S4,50.115,32.154
mp-861663,LiRh2Pb,Li1 Rh2 Pb1,125.906,52.058
mp-570213,LiMgBi,Li1 Mg1 Bi1,31.336,21.657
mp-863697,LiPm2Si,Li1 Pm2 Si1,55.755,30.263
mp-976262,LiMg,Li3 Mg3,25.743,18.66
mp-13276,SrLiP,Sr2 Li2 P2,44.645,36.89
mp-8864,Li(Co3P2)2,Li1 Co6 P4,202.474,100.91
mp-977218,Li2Mg,Li4 Mg2,21.078,7.239
mp-27454,BaLi2Si,Ba2 Li4 Si2,27.21,16.167
mp-30818,Li2AlPt,Li2 Al1 Pt1,84.603,37.313
mp-12411,Li2ZnGe,Li2 Zn1 Ge1,48.483,38.377
mp-8181,Li2CeN2,Li2 Ce1 N2,110.495,65.413
mp-7924,Li2Sn5,Li4 Sn10,41.724,18.289
mp-30080,Li2GePd,Li2 Ge1 Pd1,62.413,22.035
mp-2661453,Li2H2Pt,Li2 H2 Pt1,49.367,26.895
mp-9912,Li2CeP2,Li2 Ce1 P2,57.891,35.063
mp-861651,Li2PdPb,Li2 Pd1 Pb1,50.293,20.181
mp-4779,Li2B4O7,Li8 B16 O28,41.92,40.743
mp-27705,Li2Si,Li4 Si2,32.884,23.382
mp-866179,Li2NdTl,Li2 Nd1 Tl1,39.457,28.708
mp-5012,Li2SiO3,Li4 Si2 O6,76.805,51.443
mp-4002,Li2ZrF6,Li2 Zr1 F6,58.042,35.314
mp-30816,Li2AlPd,Li2 Al1 Pd1,68.314,29.042
mp-4556,Li2SO4,Li8 S4 O16,45,21.273
mp-7779,Li2NdAs2,Li2 Nd1 As2,44.285,19.862
mp-865666,Li2TlAg,Li2 Tl1 Ag1,32.933,17.026
mp-1185209,Li2ZnSi,Li8 Zn4 Si4,52.049,42.979
mp-22961,Li2ZnCl4,Li4 Zn2 Cl8,31.855,15.897
mp-31441,Li2GaIr,Li2 Ga1 Ir1,95.635,41.728
mp-10525,NaLi2N,Na1 Li2 N1,53.888,-24.612
mp-567389,Li2ZnGe,Li2 Zn1 Ge1,42.925,25.919
mp-567347,Li2AgSn,Li2 Ag1 Sn1,46.665,20.768
mp-865874,Li2AgHg,Li2 Ag1 Hg1,37.398,9.484
mp-15988,Li2CuSb,Li2 Cu1 Sb1,52.716,33.809
mp-2170,Li2Pt,Li2 Pt1,66.968,30.516
mp-30820,Li2AlRh,Li2 Al1 Rh1,80.792,39.204
mp-30758,Li2MgPb,Li2 Mg1 Pb1,36.254,14.747
mp-973343,Li2MgHg,Li2 Mg1 Hg1,30.915,18.917
mp-2987,Li2MgTl,Li2 Mg1 Tl1,27.001,14.225
mp-728,Li2Pd,Li2 Pd1,50.698,21.97
mp-557142,Li2S,Li4 S2,38.36,24.251
mp-752881,Li2CuS2,Li2 Cu1 S2,45.823,16.474
mp-20484,Li2FeCu(CN)6,Li2 Fe1 Cu1 C6 N6,55.127,-37.207
mp-30591,Li2CuSn,Li2 Cu1 Sn1,52.666,30.448
mp-862934,Li2PmTl,Li2 Pm1 Tl1,39.836,30.085
mp-35841,Li2CuGe,Li2 Cu1 Ge1,58.787,40.226
mp-865871,Li2ZnAu,Li2 Zn1 Au1,46.741,4.542
mp-4630,Li2RuO3,Li4 Ru2 O6,109.493,-50.211
mp-865737,Li2InSn,Li2 In1 Sn1,35.36,14.569
mp-570771,BaLi2(MgSi)2,Ba1 Li2 Mg2 Si2,39.487,29.927
mp-1960,Li2O,Li2 O1,78.6,68.452
mp-31324,Li2In,Li4 In2,28.365,23.649
mp-1025473,Li2NdGe,Li4 Nd2 Ge2,43.547,27.258
mp-866194,Li2MgCd,Li2 Mg1 Cd1,28.998,20.86
mp-28250,Li2MnBr4,Li2 Mn1 Br4,19.113,11.927
mp-15901,Li2LaTa2O7,Li2 La1 Ta2 O7,107.176,69.73
mp-1029385,Li2SnN2,Li2 Sn1 N2,112.952,85.985
mp-30406,Li2TlAu,Li2 Tl1 Au1,45.771,8.488
mp-2988,Li2GaRh,Li2 Ga1 Rh1,81.563,35.873
mp-3216,Li2ZrN2,Li2 Zr1 N2,132.436,113.262
mp-976114,Li2CdHg,Li2 Cd1 Hg1,30.724,12.342
mp-865965,Li2CaSi,Li2 Ca1 Si1,40.875,29.73
mp-29210,Li2Ga,Li4 Ga2,33.134,27.31
mp-866196,Li2PrIn,Li2 Pr1 In1,38.333,27.925
mp-11644,Li2Ca,Li4 Ca2,16.117,8.546
mp-15686,Li2CuAs,Li4 Cu2 As2,51.282,37.96
mp-9610,Li2CN2,Li2 C1 N2,49.164,19.417
mp-865713,Li2TlBi,Li2 Tl1 Bi1,30.009,22.827
mp-31168,Li2AlAg,Li2 Al1 Ag1,50.135,25.281
mp-756597,Li2HfO3,Li4 Hf2 O6,95.328,52.736
mp-21026,Li2InPt,Li2 In1 Pt1,71.969,18.408
mp-866176,Li2PdAu,Li2 Pd1 Au1,68.175,23.405
mp-865867,Li2YTl,Li2 Y1 Tl1,41.319,32.362
mp-30392,Li2InAu,Li2 In1 Au1,53.673,16.653
mp-865582,Li2CdPd,Li2 Cd1 Pd1,50.434,7.951
mp-1020019,Li2PNO2,Li4 P2 N2 O4,87.664,60.241
mp-20106,Li2NdSb2,Li4 Nd2 Sb4,41.162,21.469
mp-3158,Li2SbPt,Li2 Sb1 Pt1,79.179,28.96
mp-866202,Li2SnPt,Li2 Sn1 Pt1,67.708,29.364
mp-1125,Li2S,Li8 S4,40.216,20.471
mp-22446,Li2PrSb2,Li4 Pr2 Sb4,41.299,21.813
mp-4117,Li2Si2O5,Li4 Si4 O10,78.037,49.052
mp-861184,Li2WS4,Li2 W1 S4,4.842,2.584
mp-862930,Li2PmIn,Li2 Pm1 In1,38.084,30.714
mp-977207,Li2Mg,Li4 Mg2,20.429,3.332
mp-556777,Li2CO3,Li4 C2 O6,75.034,40.321
mp-10180,Li2SbPd,Li2 Sb1 Pd1,68.437,27.178
mp-753195,Li2WS4,Li2 W1 S4,6.489,4.129
mp-755352,Li2HfO3,Li4 Hf2 O6,106.444,66.947
mp-2724101,Li2HfO3,Li2 Hf1 O3,124.693,45.772
mp-1153,Li2S,Li2 S1,40.49,33.875
mp-36864,Li2TiO3,Li4 Ti2 O6,122.947,87.311
mp-865986,Li2CaGe,Li2 Ca1 Ge1,37.315,26.755
mp-12128,Li2MgIn,Li2 Mg1 In1,29.856,20.946
mp-865935,Li2MgSn,Li2 Mg1 Sn1,34.883,21.546
mp-865863,Li2TlPd,Li2 Tl1 Pd1,48.609,13.18
mp-30344,Li2InAg,Li2 In1 Ag1,43.023,15.372
mp-865714,Li2HgAu,Li2 Hg1 Au1,40.536,7.09
mp-841,Li2O2,Li4 O4,72.65,50.633
mp-29009,Li2MgBr4,Li2 Mg1 Br4,19.912,12.262
mp-16271,Li2CdSb,Li2 Cd1 Sb1,36.538,0.834
mp-2931,Li2TiO3,Li8 Ti4 O12,110.301,71.679
mp-865987,Li2AgPd,Li2 Ag1 Pd1,56.116,10.22
mp-3201,Li2GaPd,Li2 Ga1 Pd1,67.604,26.29
mp-865879,Li2AgAu,Li2 Ag1 Au1,49.503,17.539
mp-865731,Li2HgPd,Li2 Hg1 Pd1,52.245,13.98
mp-30349,Li2AgPb,Li2 Ag1 Pb1,39.481,13.522
mp-12580,Li2CdSn,Li2 Cd1 Sn1,35.899,23.104
mp-867171,SrLi2Sn,Sr1 Li2 Sn1,30.554,21.366
mp-752843,Li2CuF4,Li2 Cu1 F4,42.328,15.213
mp-983425,Li2PmGe,Li2 Pm1 Ge1,50.35,26.433
mp-756187,Li2FeS2,Li4 Fe2 S4,29.394,13.543
mp-866193,Li2LaIn,Li2 La1 In1,37.747,26.277
mp-976843,Li2Mg,Li4 Mg2,20.847,15.238
mp-865897,Li2AcIn,Li2 Ac1 In1,35.03,19.316
mp-862948,Li2PmPb,Li2 Pm1 Pb1,40.01,24.17
mp-2356674,Li2NbF6,Li2 Nb1 F6,58.448,128.338
mp-11490,Li2ZnSn,Li2 Zn1 Sn1,37.548,27.734
mp-5077,NaLi2Sb,Na1 Li2 Sb1,29.136,22.606
mp-884085,Li2CuS2,Li4 Cu2 S4,21.596,10.234
mp-4711,Li2CuO2,Li2 Cu1 O2,84.8,43.976
mp-3054,Li2CO3,Li4 C2 O6,53.936,28.12
mp-31496,Li2Sn2Au,Li4 Sn4 Au2,47.106,21.387
mp-644389,Li2H2Pd,Li2 H2 Pd1,42.316,29.177
mp-21029,Li2InPd,Li2 In1 Pd1,59.663,17.086
mp-631316,Li2GaSb,Li2 Ga1 Sb1,35.3,32.36
mp-865964,Li2CaSn,Li2 Ca1 Sn1,34.099,27.664
mp-22980,Li2CoCl4,Li2 Co1 Cl4,8.956,1.69
mp-754534,Li2CeO3,Li2 Ce1 O3,95.497,38.795
mp-1001914,Li2SnIr,Li2 Sn1 Ir1,85.092,24.121
mp-7777,Li2PrP2,Li2 Pr1 P2,49.171,23.079
mp-15885,Li2US3,Li4 U2 S6,42.596,25.019
mp-12029,Li2CuP,Li4 Cu2 P2,58.571,47.499
mp-4156,Li2ZrO3,Li4 Zr2 O6,100.625,55.316
mp-760539,Li2Ti3O6,Li2 Ti3 O6,106.055,61.957
mp-30405,Li2SnAu,Li2 Sn1 Au1,55.812,21.316
mp-606604,CsLi2F3,Cs1 Li2 F3,43.461,18.167
mp-570950,NaLi2N,Na1 Li2 N1,13.822,13.772
mp-30381,Li2GaAu,Li2 Ga1 Au1,59.891,25.706
mp-7603,Li2TiF6,Li4 Ti2 F12,52.093,30.935
mp-2492941,Li2NbS3,Li4 Nb2 S6,52.707,32.578
mp-973325,Li2MgGe,Li2 Mg1 Ge1,38.78,25.839
mp-10686,Li2CdGe,Li2 Cd1 Ge1,40.135,20.058
mp-865932,Li2CePb,Li2 Ce1 Pb1,46.894,33.556
mp-11304,Li2CdPb,Li2 Cd1 Pb1,32.005,11.955
mp-754238,Li2CuBiO4,Li2 Cu1 Bi1 O4,90.724,55.545
mp-1018009,Li2MgSi,Li2 Mg1 Si1,44.934,36.356
mp-7608,Li2PdO2,Li2 Pd1 O2,91.447,43.646
mp-975997,NaLi2Pb,Na1 Li2 Pb1,22.028,13.808
mp-755894,Li2O,Li8 O4,71.014,44.318
mp-570528,Li2GaIr,Li2 Ga1 Ir1,87.044,4.657
mp-1545896,Li2Sb,Li12 Sb6,33.938,23.465
mp-866181,Li2NdIn,Li2 Nd1 In1,40.663,29.888
mp-1014462,Li2YAl,Li2 Y1 Al1,25.838,-9.986
mp-865067,Li2EuGe,Li2 Eu1 Ge1,34.651,23.508
mp-2935,Li2GeAu,Li2 Ge1 Au1,61.01,28.556
mp-22967,Li2FeBr4,Li2 Fe1 Br4,25.291,16.303
mp-31442,Li2InRh,Li2 In1 Rh1,70.882,25.237
mp-30403,Li2PbAu,Li2 Pb1 Au1,44.376,11.552
mp-30404,Li2SbAu,Li2 Sb1 Au1,54.242,21.767
mp-1029776,Li2GeN2,Li8 Ge4 N8,83.069,43.636
mp-5446,Li2PrO3,Li2 Pr1 O3,73.939,21.617
mp-975578,Li2SnHg,Li2 Sn1 Hg1,36.577,-26.63
mp-16238,Li2AgSb,Li2 Ag1 Sb1,46.551,20.639
mp-975608,Li2TlPt,Li2 Tl1 Pt1,56.12,17.316
mp-3726,Li2GaPt,Li2 Ga1 Pt1,82.351,28.95
mp-976333,Li2AcTl,Li2 Ac1 Tl1,33.082,14.653
mp-570466,Li2Ca,Li8 Ca4,16.063,11.708
mp-19896,Li2GePbS4,Li2 Ge1 Pb1 S4,41.491,19.979
mp-865577,Li2CdAu,Li2 Cd1 Au1,44.869,12.122
mp-866178,Li2NdAl,Li2 Nd1 Al1,42.611,29.333
mp-570998,NaLi2N,Na1 Li2 N1,41.942,22.499
mp-16341,Li2HgGe,Li2 Hg1 Ge1,41.262,4.176
mp-569396,BaLi2(MgGe)2,Ba1 Li2 Mg2 Ge2,36.665,27.584
mp-754213,Li2ZrCuO4,Li2 Zr1 Cu1 O4,114.265,58.508
mp-2286,Li2Se,Li2 Se1,33.677,26.985
mp-976982,Li2Mg,Li4 Mg2,21.725,-1.706
mp-760483,Li2PdO3,Li4 Pd2 O6,103.12,56.718
mp-975609,Li2TlPb,Li2 Tl1 Pb1,29.094,2.173
mp-31443,Li2InIr,Li2 In1 Ir1,82.523,28.256
mp-19970,Li3CuO3,Li12 Cu4 O12,81.806,35.049
mp-545467,Li3(CuO2)2,Li3 Cu2 O4,56.183,32.011
mp-975882,Li3Cu,Li3 Cu1,31.489,12.521
mp-975794,Li3Be,Li3 Be1,26.474,14.376
mp-752426,Li3SbS4,Li6 Sb2 S8,38.534,25.974
mp-36086,Li3NbO4,Li3 Nb1 O4,104.609,90.318
mp-976256,Li3Mg,Li3 Mg1,18.913,4.316
mp-976321,Li3Pr,Li3 Pr1,20.736,1.26
mp-2341,Li3N,Li6 N2,65.179,44.749
mp-975904,Li3Cd,Li3 Cd1,22.645,8.36
mp-977239,Li3Th,Li3 Th1,26.408,5.399
mp-28336,Li3P7,Li12 P28,24.186,11.791
mp-976075,Li3Ca,Li3 Ca1,14.299,7.417
mp-977230,Li3Tc,Li3 Tc1,37.523,15.88
mp-867342,Li3Ge,Li3 Ge1,32.98,22.258
mp-551675,Li3UO4,Li3 U1 O4,94.691,64.714
mp-976334,Li3Tc,Li3 Tc1,34.091,18.07
mp-976263,Li3Nb,Li3 Nb1,31.347,26.561
mp-753982,Li3CrS4,Li3 Cr1 S4,11.688,5.266
mp-757,Li3As,Li6 As2,34.809,30.48
mp-9568,Li3Ga2,Li3 Ga2,38.44,28.594
mp-25317,Li3(CuO2)2,Li3 Cu2 O4,69.336,33.635
mp-13725,Li3PO4,Li6 P2 O8,70.982,43.757
mp-976139,Li3Mg,Li3 Mg1,19.333,11.268
mp-976254,Li3Mg,Li3 Mg1,18.827,4.952
mp-1018780,Li3SmBi2,Li3 Sm1 Bi2,38.262,28.031
mp-976017,Li3Co,Li3 Co1,-83.57,14.761
mp-755309,Li3NbS4,Li3 Nb1 S4,11.108,7.241
mp-975868,Li3Al,Li3 Al1,26.875,18.203
mp-985583,Li3PS4,Li12 P4 S16,22.427,11.673
mp-35417,Li3TaO4,Li3 Ta1 O4,103.312,91.621
mp-977165,Li3Co,Li6 Co2,39.728,-4.58
mp-11247,Li3Au,Li3 Au1,33.973,9.25
mp-753081,Li3(CuO)4,Li3 Cu4 O4,61.32,23.563
mp-2074,Li3Sb,Li3 Sb1,32.535,25.62
mp-861228,Li3CuS2,Li6 Cu2 S4,38.568,19.728
mp-16506,Li3Al2,Li3 Al2,38.92,32.272
mp-736,Li3P,Li6 P2,39.519,34.45
mp-1029562,Li3InN2,Li24 In8 N16,85.511,58.145
mp-973316,NaLi3,Na2 Li6,11.571,5.99
mp-760415,Li3SbS4,Li3 Sb1 S4,28.938,13.461
mp-8407,Li3LaP2,Li3 La1 P2,56.817,45.426
mp-760375,Li3VS4,Li3 V1 S4,13.233,5.774
mp-867226,Li3In,Li3 In1,24.555,16.087
mp-13944,Li3AlN2,Li24 Al8 N16,102.784,99.981
mp-976264,Li3Nd,Li3 Nd1,20.824,1.22
mp-867227,Li3Pt,Li3 Pt1,46.404,15.779
mp-985585,Li3ClO,Li3 Cl1 O1,51.628,38.236
mp-1646,Li3Hg,Li3 Hg1,25.438,5.618
mp-28593,Li3BrO,Li3 Br1 O1,48.727,35.622
mp-977126,Li3Ag,Li6 Ag2,26.62,7.681
mp-867343,Li3Cd,Li3 Cd1,22.509,5.553
mp-16828,Li3B7O12,Li6 B14 O24,64.468,39.327
mp-983152,Li3Re,Li6 Re2,-18.964,-74.316
mp-976055,Li3In,Li3 In1,24.671,16.433
mp-1029592,Li3YN2,Li24 Y8 N16,80.904,44.751
mp-15254,Li3AlF6,Li18 Al6 F36,47.682,29.604
mp-1018770,Li3PrBi2,Li3 Pr1 Bi2,37.325,27.09
mp-976047,Li3Hg,Li3 Hg1,25.641,15.939
mp-30760,Li3Pb,Li3 Pb1,25.566,15.278
mp-2251,Li3N,Li3 N1,51.984,33.607
mp-977286,Li3Sm,Li3 Sm1,21.078,0.826
mp-7955,Li3Sb,Li6 Sb2,28.627,24.195
mp-850275,Li3SbS4,Li3 Sb1 S4,9.928,5.909
mp-1018764,Li3HoSb2,Li3 Ho1 Sb2,44.465,33.579
mp-976412,Li3Zn,Li3 Zn1,23.55,5.488
mp-976407,Li3Ac,Li3 Ac1,16.677,8.239
mp-976023,Li3Ga,Li3 Ga1,23.233,19.231
mp-976408,Li3Ag,Li3 Ag1,25.865,12.498
mp-27275,Li3BO3,Li12 B4 O12,72.847,42.251
mp-7396,Li3Tl,Li3 Tl1,23.258,14.643
mp-976010,Li3Cr,Li3 Cr1,22.421,6.546
mp-976414,Li3Zn,Li3 Zn1,23.562,63.284
mp-542435,Li3ScN2,Li24 Sc8 N16,92.251,60.664
mp-23222,Li3Bi,Li3 Bi1,28.2,21.021
mp-3887,Li3GaN2,Li24 Ga8 N16,98.991,87.141
mp-11489,Li3Pd,Li3 Pd1,36.429,15.968
mp-15999,Li3AuS2,Li6 Au2 S4,40.186,20.397
mp-976060,Li3C,Li3 C1,54.763,33.718
mp-9172,Li4TiO4,Li8 Ti2 O8,79.937,43.617
mp-7714,Li4UO5,Li4 U1 O5,85.449,52.804
mp-755298,Li4NbO4,Li4 Nb1 O4,73.687,37.488
mp-861182,Li4TiS4,Li4 Ti1 S4,24.697,14.592
mp-570097,Sr(Li2P)2,Sr1 Li4 P2,42.562,33.657
mp-15845,SrLi4N2,Sr2 Li8 N4,52.666,28.749
mp-865604,Li5Mg,Li5 Mg1,17.412,9.799
mp-685991,Li5SiP3,Li10 Si2 P6,35.658,27.044
mp-29364,Li5SbO5,Li5 Sb1 O5,94.256,64.692
mp-3838,Li5ReN4,Li10 Re2 N8,71.86,46.271
mp-12283,Li5Tl2,Li5 Tl2,24.305,16.195
mp-685194,Li4Ti5O12,Li8 Ti10 O24,108.701,60.558
mp-29149,Li4NCl,Li4 N1 Cl1,40.286,28.342
mp-11737,Li4SiO4,Li8 Si2 O8,78.989,53.188
mp-759877,Li4CuF7,Li4 Cu1 F7,53.165,15.96
mp-29151,Li5NCl2,Li5 N1 Cl2,38.043,26.953
mp-7080,Li5(NiN)3,Li5 Ni3 N3,77.127,46.935
mp-29025,Li5Br2N,Li5 Br2 N1,26.516,16.903
mp-755013,Li5TaO5,Li5 Ta1 O5,101.668,68.963
mp-981935,Li5Mg,Li5 Mg1,17.319,8.46
mp-30766,Li5Sn2,Li5 Sn2,29.691,21.604
mp-768197,Li5SbS4,Li5 Sb1 S4,38.444,24.406
mp-767409,Li5SbS,Li5 Sb1 S1,34.76,29.197
mp-15960,Li5AlO4,Li40 Al8 O32,80.916,54.227
mp-1029448,Li5OsN4,Li10 Os2 N8,70.247,38.982
mp-770649,Li5NbO5,Li5 Nb1 O5,99.64,64.543
mp-1029826,Li6OsN4,Li12 Os2 N8,84.062,64.411
mp-950995,Li6PS5I,Li12 P2 S10 I2,26.78,13.335
mp-867701,Li6CuS4,Li6 Cu1 S4,33.107,11.558
mp-8804,Li6MoN4,Li12 Mo2 N8,83.422,67.066
mp-756490,Li6MnS4,Li12 Mn2 S8,42.149,26.741
mp-3503,Li6WN4,Li12 W2 N8,84.394,68.603
mp-767525,Li6SbS2,Li6 Sb1 S2,34.924,12.923
mp-1029739,Li6FeN4,Li12 Fe2 N8,76.66,69.192
mp-1029498,Li6CrN4,Li12 Cr2 N8,84.311,72.584
mp-985591,Li6PS5Br,Li6 P1 S5 Br1,27.629,-11.852
mp-985592,Li6PS5Cl,Li6 P1 S5 Cl1,27.54,-20.486
mp-1029726,Li6IrN4,Li12 Ir2 N8,83.44,58.897
mp-28592,Li7Br3O2,Li7 Br3 O2,37.683,25.035
mp-30768,Li7Sn3,Li14 Sn6,30.336,23.766
mp-14753,Li7TaN4,Li56 Ta8 N32,82.815,64.79
mp-1029522,Li7SbN4,Li56 Sb8 N32,75.104,62.895
mp-30767,Li7Sn2,Li14 Sn4,27.747,22.949
mp-14827,Li7NbN4,Li56 Nb8 N32,81.654,63.726
mp-2468835,Li7B18O,Li7 B18 O1,129.576,91.595
mp-4604,Li7VN4,Li56 V8 N32,82.448,71.832
mp-27930,Li7Si2,Li28 Si8,32.647,28.995
mp-28549,Li8SiO6,Li16 Si2 O12,77.448,56.475
mp-755225,Li8ZrO6,Li8 Zr1 O6,93.569,55.213
mp-568404,Li9Al4,Li9 Al4,31.163,23.614
mp-2362521,Li9Ge4,Li18 Ge8,33.833,29.535
mp-30769,Li13Sn5,Li13 Sn5,29.762,24.659
mp-672287,Li13Si4,Li26 Si8,32.333,28.036
mp-510430,Li13In3,Li26 In6,22.544,17.785
mp-1020011,Li14P2(N2O)3,Li14 P2 N6 O3,83.023,68.471
mp-567395,Li15Au4,Li30 Au8,28.91,13.292
mp-569849,Li15Si4,Li30 Si8,29.691,20.993
mp-1777,Li15Ge4,Li30 Ge8,28.204,19.528
mp-865112,NaPrTl2,Na1 Pr1 Tl2,35.668,17.268
mp-866298,BaNaScSi2O7,Ba2 Na2 Sc2 Si4 O14,88.541,48.571
mp-754326,NaAgO2,Na1 Ag1 O2,58.425,26.511
mp-29356,NaTi2O4,Na4 Ti8 O16,143.935,77.985
mp-10474,NaPF6,Na1 P1 F6,23.499,10.027
mp-865118,NaPrAu2,Na1 Pr1 Au2,56.68,17.065
mp-22152,NaFeAs,Na2 Fe2 As2,48.294,33.541
mp-571467,Cs2NaYBr6,Cs2 Na1 Y1 Br6,15.187,8.079
mp-15318,Rb2NaHoF6,Rb2 Na1 Ho1 F6,34.367,17.647
mp-865117,NaErTl2,Na1 Er1 Tl2,37.926,23.846
mp-752947,NaTiS2,Na1 Ti1 S2,53.161,36.796
mp-454,NaGa4,Na1 Ga4,39.224,22.906
mp-5558,NaReO4,Na2 Re2 O8,21.527,10.392
mp-4276,NaSi2Pd3,Na2 Si4 Pd6,105.869,46.48
mp-754375,NaTi2O3,Na1 Ti2 O3,141.836,81.135
mp-31235,BaNaBi,Ba3 Na3 Bi3,23.376,16.323
mp-4170,NaTaO3,Na1 Ta1 O3,201.078,111.744
mp-865110,NaMgTl2,Na1 Mg1 Tl2,24.965,13
mp-977181,NaMo3,Na1 Mo3,165.314,14.462
mp-675798,NaHoF4,Na2 Ho2 F8,71.34,32.839
mp-4419,NaNbO3,Na2 Nb2 O6,130.639,99.908
mp-4514,NaNbO3,Na2 Nb2 O6,100.75,37.235
mp-989545,Rb2NaSbCl6,Rb2 Na1 Sb1 Cl6,18.041,9.127
mp-14433,NaGe2N3,Na2 Ge4 N6,134.959,77.934
mp-10525,NaLi2N,Na1 Li2 N1,53.888,-24.612
mp-865126,NaTlPd2,Na1 Tl1 Pd2,74.545,-1.208
mp-27837,NaHF2,Na1 H1 F2,32.742,10.903
mp-973166,NaCd3,Na2 Cd6,27.528,10.71
mp-20227,NaMnP,Na2 Mn2 P2,47.234,34.395
mp-1002069,NaLiICl,Na1 Li1 I1 Cl1,20.106,11.883
mp-504600,NaH4ClO2,Na4 H16 Cl4 O8,19.203,10.767
mp-999126,NaTbS2,Na1 Tb1 S2,44.885,27.446
mp-11466,NaHg2,Na1 Hg2,18.769,8.158
mp-7748,NaAlO2,Na1 Al1 O2,133.356,87.199
mp-30053,NaCN,Na2 C2 N2,18.145,11.602
mp-977176,NaTcO3,Na1 Tc1 O3,190.453,92.535
mp-6686,K2NaInF6,K2 Na1 In1 F6,39.509,20.537
mp-13097,NaZnAs,Na2 Zn2 As2,36.358,21.583
mp-4681,NaNbO3,Na4 Nb4 O12,92.741,54.97
mp-7937,NaNbS2,Na2 Nb2 S4,76.388,48.843
mp-3136,NaNbO3,Na1 Nb1 O3,176.561,100.088
mp-13797,K2NaCuF6,K2 Na1 Cu1 F6,42.815,24.134
mp-20343,NaAuO2,Na2 Au2 O4,40.105,13.28
mp-865051,NaCa2Tl,Na1 Ca2 Tl1,22.925,14.702
mp-862943,NaPmHg2,Na1 Pm1 Hg2,43.007,14.658
mp-999274,RbNaH2,Rb1 Na1 H2,14.995,10.939
mp-23054,NaBiO3,Na2 Bi2 O6,57.489,23.569
mp-7723,NaAlF4,Na1 Al1 F4,61.231,90.834
mp-976856,NaMg3,Na1 Mg3,24.546,8.351
mp-22924,NaBi,Na1 Bi1,29.484,12.854
mp-975994,NaLa3,Na1 La3,21.316,6.803
mp-631317,NaIrPb,Na1 Ir1 Pb1,49.954,-166.496
mp-6633,NaCSN,Na4 C4 S4 N4,18.759,8.919
mp-5475,NaTaN2,Na1 Ta1 N2,136.044,88.887
mp-7017,NaNbN2,Na1 Nb1 N2,129.459,85.619
mp-976181,NaBH4,Na1 B1 H4,19.495,11.449
mp-865077,NaCd3,Na1 Cd3,28.313,-3.797
mp-4531,NaNO3,Na2 N2 O6,26.795,12.399
mp-977110,NaSnPd2,Na1 Sn1 Pd2,80.165,24.056
mp-23729,NaBeH3,Na1 Be1 H3,59.369,49.113
mp-10225,NaVS2,Na1 V1 S2,57.655,19.874
mp-974558,Na,Na1,7.76,2.856
mp-1002081,KNaICl,K1 Na1 I1 Cl1,14.528,8.011
mp-976150,NaAl3,Na1 Al3,48.882,25.378
mp-7942,NaTiS2,Na1 Ti1 S2,50.05,34.134
mp-546500,NaCNO,Na1 C1 N1 O1,27.617,12.586
mp-38725,NaBH4,Na2 B2 H8,19.433,11.009
mp-6204,Cs2NaScF6,Cs2 Na1 Sc1 F6,34.148,17.639
mp-578601,NaNbO2,Na1 Nb1 O2,133.066,63.662
mp-865115,NaNdHg2,Na1 Nd1 Hg2,42.221,14.872
mp-31086,NaP5,Na4 P20,35.625,19.553
mp-999455,NaSmS2,Na1 Sm1 S2,43.099,25.836
mp-982381,NaCu3,Na1 Cu3,67.875,23.089
mp-754777,NaLaO2,Na1 La1 O2,63.943,32.067
mp-22212,NaSbO3,Na4 Sb4 O12,128.735,94.186
mp-754825,NaTmO2,Na1 Tm1 O2,89.39,53.39
mp-976870,NaNi3,Na1 Ni3,96.01,36.546
mp-2955,NaMgF3,Na4 Mg4 F12,69.146,41.752
mp-634657,NaHS,Na2 H2 S2,21.406,10.172
mp-865081,NaAcTe2,Na1 Ac1 Te2,40.126,10.792
mp-22003,NaN3,Na1 N3,25.56,10.625
mp-676586,Na(VS2)2,Na1 V2 S4,43.286,17.426
mp-865108,NaSmHg2,Na1 Sm1 Hg2,43.362,14.613
mp-9264,NaTeAu,Na2 Te2 Au2,31.246,9.325
mp-989541,Rb2NaSbF6,Rb2 Na1 Sb1 F6,33.711,17.354
mp-755586,NaLaO2,Na2 La2 O4,82.441,37.902
mp-865076,NaCd2Pt,Na1 Cd2 Pt1,69.41,22.098
mp-977140,NaTa3,Na1 Ta3,132.843,16.731
mp-570998,NaLi2N,Na1 Li2 N1,41.942,22.499
mp-39681,NaTi2BiO6,Na1 Ti2 Bi1 O6,103.839,32.797
mp-999127,NaTbSe2,Na1 Tb1 Se2,37.348,23.515
mp-22862,NaCl,Na1 Cl1,23.77,14.298
mp-555576,KNaS2O7,K2 Na2 S4 O14,23.283,12.267
mp-20612,NaMnAs,Na2 Mn2 As2,23.526,22.44
mp-2720358,NaClO3,Na4 Cl4 O12,25.827,14.452
mp-999460,NaScS2,Na1 Sc1 S2,51.116,31.329
mp-10172,Na,Na2,7.777,4.588
mp-23268,NaI,Na1 I1,15.1,8.31
mp-976923,NaReO3,Na1 Re1 O3,211.053,96.474
mp-962060,NaYSi,Na1 Y1 Si1,38.721,0.269
mp-755378,NaPdO2,Na1 Pd1 O2,86.526,45.178
mp-865109,NaSmTl2,Na1 Sm1 Tl2,36.766,19.687
mp-1021431,CsNaICl,Cs1 Na1 I1 Cl1,11.698,5.876
mp-999450,NaSmSe2,Na1 Sm1 Se2,35.686,21.517
mp-866128,NaTmTl2,Na1 Tm1 Tl2,37.535,23.164
mp-570538,NaN3,Na1 N3,23.382,3.498
mp-1029316,Na2ZrN2,Na2 Zr1 N2,39.38,24.691
mp-1974948,Na2O,Na6 O3,46.967,23.696
mp-1266,Na2Se,Na2 Se1,23.909,15.694
mp-7725,Na2UO4,Na2 U1 O4,70.652,33.502
mp-1025360,Na2Ti2As2O,Na2 Ti2 As2 O1,59.913,26.878
mp-4366,Na2PtC2,Na2 Pt1 C2,54.301,25.524
mp-4533,Na2SiO3,Na4 Si2 O6,61.337,35.839
mp-20389,Na2CdPb,Na2 Cd1 Pb1,23.527,10.909
mp-648,Na2S,Na2 S1,28.189,19.193
mp-690785,Na2H6Pt,Na2 H6 Pt1,22.335,15.848
mp-862949,NaPmTl2,Na1 Pm1 Tl2,36.356,18.771
mp-13816,Cs2NaErF6,Cs2 Na1 Er1 F6,31.129,17.633
mp-560767,KNaTiO3,K2 Na2 Ti2 O6,58.009,27.905
mp-2408760,NaCu2O3,Na2 Cu4 O6,93.317,19.434
mp-976943,NaRe3,Na1 Re3,236.918,94.173
mp-8830,NaRhO2,Na1 Rh1 O2,109.969,59.556
mp-9076,NaTmS2,Na1 Tm1 S2,47.536,28.714
mp-3405,NaAl11O17,Na2 Al22 O34,152.126,69.533
mp-989644,Cs2NaCaCl6,Cs2 Na1 Ca1 Cl6,16.182,4.943
mp-862942,NaPmAu2,Na1 Pm1 Au2,59.173,18.208
mp-973174,NaAg3,Na1 Ag3,52.516,21.232
mp-23704,NaAlH4,Na2 Al2 H8,19.606,13.109
mp-976261,NaCa2In,Na1 Ca2 In1,24.704,15.823
mp-754027,NaSmO2,Na2 Sm2 O4,91.596,48.531
mp-999470,NaNdS2,Na1 Nd1 S2,41.505,24.811
mp-409,NaS,Na6 S6,26.857,13.293
mp-13798,K2NaTlF6,K2 Na1 Tl1 F6,37.066,18.04
mp-560399,NaMgF3,Na1 Mg1 F3,71.171,42.484
mp-756034,NaSmO2,Na1 Sm1 O2,74.437,40.862
mp-23850,NaH2N,Na4 H8 N4,13.017,10.054
mp-23684,NaHCO2,Na2 H2 C2 O4,25.163,12.017
mp-10224,NaVS2,Na1 V1 S2,59.208,33.967
mp-28614,NaBPt3,Na2 B2 Pt6,154.883,34.515
mp-10422,NaAuC2,Na1 Au1 C2,47.935,23.061
mp-255,NaHg,Na4 Hg4,17.221,6.751
mp-4748,NaNbO3,Na4 Nb4 O12,124.843,-58.617
mp-989578,Rb2NaInF6,Rb2 Na1 In1 F6,38.727,20.572
mp-961699,NaMgP,Na1 Mg1 P1,37.881,-142.864
mp-13925,Cs2NaYF6,Cs2 Na1 Y1 F6,32.42,16.618
mp-682,NaF,Na1 F1,46.136,30.163
mp-7090,NaMgSb,Na2 Mg2 Sb2,26.982,16.18
mp-5175,NaInO2,Na1 In1 O2,90.689,50.611
mp-865100,NaInHg2,Na1 In1 Hg2,25.727,9.66
mp-999474,NaHoSe2,Na1 Ho1 Se2,37.932,24.123
mp-4699,NaTaO3,Na4 Ta4 O12,127.767,47.441
mp-1052,NaAu2,Na2 Au4,71.011,26.679
mp-8452,NaLiS,Na2 Li2 S2,35.529,23.768
mp-961774,BaNaSb,Ba1 Na1 Sb1,24.711,11.206
mp-976076,NaAc2Sn,Na1 Ac2 Sn1,33.683,15.328
mp-974883,Rb3Na,Rb3 Na1,3.363,1.15
mp-3889,NaBO2,Na6 B6 O12,45.442,20.982
mp-3567,NaVSe2,Na1 V1 Se2,46.152,-0.564
mp-962064,NaYSn,Na1 Y1 Sn1,31.152,-0.566
mp-981933,NaPd2Pb,Na1 Pd2 Pb1,72.915,14.516
mp-23339,NaBrO3,Na4 Br4 O12,27.038,16.231
mp-7939,NaNbSe2,Na2 Nb2 Se4,61.06,39.007
mp-7400,NaAlGe,Na2 Al2 Ge2,39.291,17.053
mp-961685,NaCaAs,Na1 Ca1 As1,33.378,21.704
mp-976220,NaCdHg2,Na1 Cd1 Hg2,24.122,8.211
mp-568428,KNa(BH4)2,K1 Na1 B2 H8,16.079,8.573
mp-14039,K2NaRhF6,K2 Na1 Rh1 F6,43.639,22.615
mp-973352,NaCo3,Na2 Co6,29.646,168.403
mp-1029357,NaZnN,Na2 Zn2 N2,63.702,33.023
mp-5962,NaMgAs,Na2 Mg2 As2,33.163,20.602
mp-6973,CsNaS,Cs2 Na2 S2,20.614,10.436
mp-976768,NaMg3,Na1 Mg3,27.664,5.894
mp-29069,Na(CuS)4,Na1 Cu4 S4,58.012,22.313
mp-976133,NaAsO3,Na1 As1 O3,126.053,121.985
mp-3744,NaNbO2,Na2 Nb2 O4,146.768,99.169
mp-38103,NaClO4,Na1 Cl1 O4,20.812,11.502
mp-976863,NaTm3,Na1 Tm3,33.868,20.509
mp-976775,NaMgO3,Na1 Mg1 O3,67.537,10.716
mp-950,NaZn13,Na2 Zn26,64.356,47.603
mp-978278,Na(BH)6,Na4 B24 H24,11.036,6.038
mp-989527,Cs2NaNF6,Cs2 Na1 N1 F6,35.858,18.173
mp-5693,NaCrS2,Na1 Cr1 S2,60.393,34.579
mp-23918,NaGaH4,Na2 Ga2 H8,13.991,8.089
mp-754718,NaCuO2,Na2 Cu2 O4,59.984,20.992
mp-865098,NaLaAu2,Na1 La1 Au2,55.109,16.143
mp-30352,NaAg2,Na2 Ag4,47.598,20.815
mp-34240,NaZnAs,Na1 Zn1 As1,42.014,15.206
mp-7914,NaScO2,Na1 Sc1 O2,100.745,66.176
mp-22483,NaInTe2,Na2 In2 Te4,19.763,15.869
mp-975990,NaLiO3,Na1 Li1 O3,49.933,13.061
mp-27335,NaAlSi,Na2 Al2 Si2,40.723,19.975
mp-865107,NaMgPb2,Na1 Mg1 Pb2,15.404,7.06
mp-8754,NaLiTe,Na4 Li4 Te4,24.832,15.62
mp-755581,NaCeO2,Na1 Ce1 O2,64.896,36.388
mp-1008866,NaAgO,Na1 Ag1 O1,59.264,20.866
mp-4541,NaCuO2,Na1 Cu1 O2,58.273,31.25
mp-1029407,NaCrN2,Na2 Cr2 N4,87.392,88.233
mp-989514,Cs2NaSbCl6,Cs2 Na1 Sb1 Cl6,17.435,9.454
mp-3521,NaBF4,Na2 B2 F8,28.014,12.385
mp-10166,NaAlSe2,Na2 Al2 Se4,28.308,4.292
mp-13799,K2NaYF6,K2 Na1 Y1 F6,36.926,19.851
mp-989563,Rb2NaTlCl6,Rb2 Na1 Tl1 Cl6,17.958,8.845
mp-865119,NaPrHg2,Na1 Pr1 Hg2,41.671,14.842
mp-976968,NaPdO3,Na1 Pd1 O3,104.533,38.431
mp-1007637,KNaH2,K1 Na1 H2,17.067,13.115
mp-20555,NaPb3,Na1 Pb3,32.491,14.898
mp-1029711,NaVN2,Na4 V4 N8,46.808,10.582
mp-570950,NaLi2N,Na1 Li2 N1,13.822,13.772
mp-982370,Na,Na4,7.773,3.678
mp-5339,CsNaTe,Cs2 Na2 Te2,14.558,7.749
mp-865090,NaAcTl2,Na1 Ac1 Tl2,31.125,12.636
mp-23870,NaH,Na1 H1,23.295,19.487
mp-9069,K2NaAlAs2,K4 Na2 Al2 As4,22.098,14.515
mp-3671,NaNbO3,Na8 Nb8 O24,101.993,59.156
mp-7440,NaP,Na8 P8,29.048,12.804
mp-977123,NaTiO3,Na1 Ti1 O3,138.443,68.649
mp-27682,NaSnS2,Na1 Sn1 S2,39.706,20.865
mp-9035,NaLuS2,Na1 Lu1 S2,48.095,30.181
mp-977182,NaNb3,Na1 Nb3,116.717,176.789
mp-7002,NaTiO2,Na1 Ti1 O2,104.141,63.701
mp-976319,NaHo3,Na1 Ho3,31.547,5.748
mp-5788,NaUO3,Na4 U4 O12,83.733,53.954
mp-975997,NaLi2Pb,Na1 Li2 Pb1,22.028,13.808
mp-9573,NaBeAs,Na2 Be2 As2,44.531,33.067
mp-976405,NaEr3,Na1 Er3,33.418,18.579
mp-754850,NaTiS2,Na1 Ti1 S2,52.215,30.741
mp-5414,NaSbS2,Na2 Sb2 S4,23.333,14.886
mp-8973,NaSi2N3,Na2 Si4 N6,186.672,116.13
mp-867147,BaNaHg2,Ba1 Na1 Hg2,20.768,2.7
mp-989608,Cs2NaAsCl6,Cs2 Na1 As1 Cl6,18.551,10.352
mp-3795,NaZnF3,Na4 Zn4 F12,68.824,30.263
mp-6586,K2NaAlF6,K2 Na1 Al1 F6,45.766,27.366
mp-989642,Cs2NaAlH6,Cs2 Na1 Al1 H6,23.548,15.331
mp-865097,NaHgPd2,Na1 Hg1 Pd2,80.025,24.87
mp-989561,NaTl2GaF6,Na1 Tl2 Ga1 F6,42.375,18.37
mp-1009220,NaH,Na1 H1,23.963,4.462
mp-962066,NaLiTe,Na1 Li1 Te1,21.842,-58.994
mp-977138,NaTc3,Na1 Tc3,186.78,62.388
mp-560037,Rb2NaBiF6,Rb2 Na1 Bi1 F6,32.377,16.405
mp-976185,NaBeO3,Na1 Be1 O3,109.135,30.372
mp-962067,BaNaSn,Ba1 Na1 Sn1,18.381,3.472
mp-675531,NaBiS2,Na2 Bi2 S4,27.308,21.644
mp-127,Na,Na1,7.808,2.099
mp-7433,NaCuSe,Na2 Cu2 Se2,47.267,20.221
mp-11180,NaC,Na2 C2,28.546,15.367
mp-8799,RbNaS,Rb2 Na2 S2,22.388,12.314
mp-13459,NaCdSb,Na4 Cd4 Sb4,32.293,13.704
mp-976289,NaCd2Au,Na1 Cd2 Au1,49.057,7.419
mp-865145,NaTl2Bi,Na1 Tl2 Bi1,27.25,8.941
mp-1009223,NaAs,Na1 As1,42.172,26.894
mp-14038,Rb2NaRhF6,Rb2 Na1 Rh1 F6,40.086,21.126
mp-974866,Rb3Na,Rb3 Na1,3.34,1.364
mp-8868,Ba3NaN,Ba6 Na2 N2,1.319,2.319
mp-13815,Rb2NaErF6,Rb2 Na1 Er1 F6,34.753,19.848
mp-4824,NaZnP,Na2 Zn2 P2,42.42,26.866
mp-1022488,NaMg6Zr,Na1 Mg6 Zr1,35.637,18.822
mp-754631,NaCu2O3,Na1 Cu2 O3,69.185,36.587
mp-977117,NaTeO3,Na1 Te1 O3,137.484,78.761
mp-865111,NaSmAu2,Na1 Sm1 Au2,59.904,18.192
mp-865127,NaTl2Cd,Na1 Tl2 Cd1,23.718,7.617
mp-865082,NaCaAu2,Na1 Ca1 Au2,41.303,20.408
mp-972941,NaBi3,Na2 Bi6,32.912,11.214
mp-989548,Rb2NaTlF6,Rb2 Na1 Tl1 F6,34.898,17.791
mp-15668,NaSe,Na4 Se4,21.931,11.917
mp-2725306,NaCu3O4,Na1 Cu3 O4,45.84,20.876
mp-973316,NaLi3,Na2 Li6,11.571,5.99
mp-643273,NaH2Pd3,Na1 H2 Pd3,108.766,34.066
mp-755144,NaLiO,Na2 Li2 O2,55.978,39.05
mp-8470,NaPrO2,Na2 Pr2 O4,84.293,42.149
mp-7240,NaRuO2,Na1 Ru1 O2,94.522,16.158
mp-977128,NaRu3,Na1 Ru3,172.715,41.644
mp-865113,NaNdAu2,Na1 Nd1 Au2,57.865,17.696
mp-578606,NaCuO2,Na1 Cu1 O2,111.932,57.044
mp-862945,NaPmTe2,Na1 Pm1 Te2,44.621,12.633
mp-755959,NaLiO,Na4 Li4 O4,38.429,16.356
mp-976971,NaPd3,Na1 Pd3,97.437,36.663
mp-22851,NaCl,Na1 Cl1,25.834,4.456
mp-865120,NaPaO3,Na1 Pa1 O3,132.432,57.938
mp-631337,NaTaNi,Na1 Ta1 Ni1,70.07,-24.806
mp-9068,K2NaAlP2,K4 Na2 Al2 P4,24.93,16.531
mp-758835,Na(Cu3O4)2,Na1 Cu6 O8,127.638,81.602
mp-2964,NaNO2,Na1 N1 O2,23.903,13.819
mp-22464,NaO3,Na1 O3,23.841,12.571
mp-9574,NaBeSb,Na2 Be2 Sb2,34.453,23.924
mp-4247,NaZnSb,Na2 Zn2 Sb2,31.291,3.953
mp-1029466,NaNiN,Na4 Ni4 N4,60.312,29.1
mp-7469,NaCuO,Na4 Cu4 O4,47.66,22.586
mp-27176,NaMnCl3,Na2 Mn2 Cl6,27.676,9.818
mp-999490,NaDyS2,Na1 Dy1 S2,45.768,27.774
mp-1009221,NaN,Na1 N1,34.757,18.325
mp-989523,Rb2NaAsF6,Rb2 Na1 As1 F6,36.315,19.293
mp-1029313,NaRuN,Na2 Ru2 N2,94.744,35.617
mp-6058,K2NaScF6,K2 Na1 Sc1 F6,41.223,23.479
mp-989533,NaTl2InF6,Na1 Tl2 In1 F6,39.944,17.814
mp-961703,NaLiPt,Na1 Li1 Pt1,28.036,-40.599
mp-22916,NaBr,Na1 Br1,19.491,11.281
mp-754567,NaCdO2,Na1 Cd1 O2,69.553,28.076
mp-29529,NaSnP,Na2 Sn2 P2,29.913,18.993
mp-5077,NaLi2Sb,Na1 Li2 Sb1,29.136,22.606
mp-865096,NaHoTl2,Na1 Ho1 Tl2,38.106,23.742
mp-976292,NaCu,Na1 Cu1,33.222,11.216
mp-952566,NaSnSb,Na2 Sn2 Sb2,22.663,13.031
mp-989568,Cs2NaMgF6,Cs2 Na1 Mg1 F6,31.063,12.854
mp-7434,NaCuTe,Na2 Cu2 Te2,31.971,15.202
mp-561536,NaMgBO3,Na2 Mg2 B2 O6,97.556,33.187
mp-997041,NaCuO2,Na2 Cu2 O4,48.702,22.051
mp-34081,NaYF4,Na2 Y2 F8,68.677,32.05
mp-976236,NaCaTl2,Na1 Ca1 Tl2,24.373,11.459
mp-990084,Na2Cl,Na2 Cl1,13.51,6.628
mp-697096,Na2H4Pt,Na2 H4 Pt1,22.706,12.865
mp-863707,KNa2Bi,K1 Na2 Bi1,16.554,10.679
mp-15685,Na2CuAs,Na4 Cu2 As2,31.898,18.43
mp-28810,Na2CS3,Na4 C2 S6,16.312,7.334
mp-865500,Na2Hf2O5,Na2 Hf2 O5,102.218,37.565
mp-865625,Na2MgSn,Na4 Mg2 Sn2,22.948,18.808
mp-5784,Na2GeO3,Na4 Ge2 O6,53.912,28.066
mp-13520,Na2ZnGe,Na4 Zn2 Ge2,23.139,15.794
mp-2352,Na2O,Na2 O1,45.868,30.58
mp-22313,Na2PtO2,Na2 Pt1 O2,73.912,27.803
mp-850251,Na2Ti9O19,Na2 Ti9 O19,125.464,20.715
mp-15724,KNa2Sb,K1 Na2 Sb1,18.878,12.629
mp-1018810,Na2Cl,Na4 Cl2,14.689,-5.163
mp-9719,Na2LiAlP2,Na8 Li4 Al4 P8,40.227,27.656
mp-761872,Na2Sn2O3,Na4 Sn4 O6,30.323,23.861
mp-541989,Na2CN2,Na2 C1 N2,39.851,19.095
mp-631339,Na2LiTa,Na2 Li1 Ta1,17.782,5.998
mp-546142,Na2UO4,Na2 U1 O4,42.279,24.83
mp-20495,Na2CO3,Na4 C2 O6,43.912,200.977
mp-1024067,Na2ZnS2,Na8 Zn4 S8,30.666,14.149
mp-989504,Na2LiNF6,Na2 Li1 N1 F6,59.139,30.306
mp-2784,Na2Te,Na2 Te1,19.229,11.389
mp-755974,Na2CuO2,Na2 Cu1 O2,67.632,24.372
mp-4961,Na2HgO2,Na2 Hg1 O2,42.323,23.423
mp-866132,Na2TlSb,Na2 Tl1 Sb1,24.55,18.578
mp-2340,Na2O2,Na6 O6,49.866,29.996
mp-864898,Na2TlBi,Na2 Tl1 Bi1,22.587,16.745
mp-1029309,Na2HfN2,Na2 Hf1 N2,33.135,21.646
mp-973056,Na2CdHg,Na2 Cd1 Hg1,17.144,7.485
mp-631554,Na2TiAu,Na2 Ti1 Au1,37.563,-23.148
mp-1029605,Na2MnN2,Na8 Mn4 N8,44.14,22.139
mp-556125,Na2BHO3,Na8 B4 H4 O12,47.14,18.023
mp-11820,BaNa2,Ba4 Na8,8.587,5.631
mp-556536,Na2Zr(CuS2)2,Na2 Zr1 Cu2 S4,49.275,19.957
mp-975275,RbNa2Sb,Rb1 Na2 Sb1,17.884,10.261
mp-643260,Na2H4Pd,Na2 H4 Pd1,20.548,11.385
mp-8871,CsNa2BO3,Cs2 Na4 B2 O6,47.016,21.559
mp-23954,Na2H2Pd,Na2 H2 Pd1,28.047,18.246
mp-3488,Na2Ti3O7,Na4 Ti6 O14,97.103,43.32
mp-7639,Na2CuP,Na4 Cu2 P2,34.554,20.74
mp-7219,Na2ZrSe3,Na4 Zr2 Se6,34.893,21.712
mp-15113,Na2Si3O7,Na4 Si6 O14,101.485,67.825
mp-2831941,Na2CdSnS4,Na2 Cd1 Sn1 S4,30.022,9.886
mp-27562,Na2Pd3O4,Na2 Pd3 O4,94.869,34.888
mp-7149,Na2LiN,Na2 Li1 N1,33.247,16.882
mp-4823,Na2PdC2,Na2 Pd1 C2,47.04,22.117
mp-1136,Na3As,Na6 As2,22.238,13.902
mp-3416,Na3AlF6,Na6 Al2 F12,50.993,28.155
mp-754483,Na3(CuO2)2,Na3 Cu2 O4,33.577,21.098
mp-977403,Na3Tl,Na3 Tl1,12.052,5.181
mp-675104,Na3YCl6,Na3 Y1 Cl6,20.048,8.16
mp-864742,Na3Sn,Na3 Sn1,17.492,5.722
mp-977062,Na3Ca,Na3 Ca1,9.908,2.301
mp-10167,Na3SbS4,Na3 Sb1 S4,21.399,4.399
mp-977189,Na3Bi,Na3 Bi1,19.11,9.212
mp-27478,Na3PaF8,Na3 Pa1 F8,42.892,19.864
mp-8543,Na3AlAs2,Na6 Al2 As4,23.337,12.749
mp-754352,Na3CuO2,Na6 Cu2 O4,50.896,26.427
mp-1006112,Na3Co,Na3 Co1,16.754,4.933
mp-977200,Na3C,Na3 C1,22.193,4.584
mp-27321,Na3(CuS)4,Na6 Cu8 S8,41.123,18.701
mp-28602,Na3ClO,Na3 Cl1 O1,32.992,22.436
mp-864765,Na3HfF8,Na3 Hf1 F8,43.786,17.57
mp-676512,Na3AlF6,Na3 Al1 F6,47.494,23.772
mp-34579,Na3HfF7,Na3 Hf1 F7,39.246,16.325
mp-999496,Na3N,Na3 N1,27.127,13.547
mp-982773,Na3Tl,Na3 Tl1,11.861,4.995
mp-985584,Na3PS4,Na3 P1 S4,22.647,6.232
mp-27838,Na3Bi,Na6 Bi2,17.175,10.693
mp-11738,Na3PS3O,Na6 P2 S6 O2,25.786,12.971
mp-983509,Na3Cd,Na6 Cd2,11.971,6.122
mp-7956,Na3Sb,Na6 Sb2,19.462,12.543
mp-29551,Na3Hg,Na3 Hg1,12.299,5.4
mp-6328,Na2Ti2Sb2O,Na2 Ti2 Sb2 O1,52.503,29.889
mp-1019551,BaNa2Mg(PO4)2,Ba1 Na2 Mg1 P2 O8,82.728,46.497
mp-990440,Na2ZrO3,Na8 Zr4 O12,80.895,50.952
mp-4770,Na2SO4,Na4 S2 O8,42.716,21.97
mp-985586,Na3BrO,Na3 Br1 O1,31.663,21.887
mp-473,Na3P11,Na12 P44,13.739,6.665
mp-2774343,Na3Be,Na3 Be1,14.383,4.861
mp-558432,Na3P(SO)2,Na24 P8 S16 O16,27.644,14.486
mp-2639,Na3N,Na3 N1,21.088,11.725
mp-999495,Na3N,Na3 N1,29.531,6.252
mp-779545,Na3CuO2,Na6 Cu2 O4,43.258,16.37
mp-542136,Na3PSO3,Na6 P2 S2 O6,38.66,22.051
mp-974270,Na3Al,Na3 Al1,14.872,4.102
mp-28630,Na3BN2,Na12 B4 N8,46.765,24.856
mp-8703,Na3SbSe4,Na3 Sb1 Se4,19.392,5.501
mp-8860,Na3As,Na3 As1,24.248,11.722
mp-864758,Na3In,Na3 In1,13.554,5.917
mp-982595,Na3Re,Na3 Re1,18.675,3.286
mp-982637,Na3Mg,Na3 Mg1,11.333,4.612
mp-5122,Na3AlP2,Na6 Al2 P4,28.353,15.648
mp-864745,Na3ZrF8,Na3 Zr1 F8,41.055,16.564
mp-28782,Na3PS4,Na6 P2 S8,22.958,10.928
mp-1186018,Na3Au,Na3 Au1,18.941,6.198
mp-1029595,Na3OsN2,Na12 Os4 N8,41.387,20.467
mp-982981,Na3Rh,Na6 Rh2,20.449,9.445
mp-982873,Na3Tl,Na3 Tl1,11.581,3.209
mp-1598,Na3P,Na6 P2,24.781,14.892
mp-3527,Na3AgO2,Na6 Ag2 O4,50.007,27.831
mp-27579,Na4P2O7,Na16 P8 O28,45.175,24.379
mp-22937,Na4I2O,Na4 I2 O1,20.124,11.964
mp-28591,Na4HgP2,Na4 Hg1 P2,23.476,12.461
mp-542090,Na4Al3(SiO4)3,Na8 Al6 Si6 O24,24.097,28.081
mp-551886,Na4CO4,Na4 C1 O4,32.124,11.846
mp-8752,Na4CdP2,Na4 Cd1 P2,23.586,12.6
mp-555678,Na4Ti5O12,Na4 Ti5 O12,133.543,60.956
mp-28698,Na4IrO4,Na4 Ir1 O4,41.96,21.927
mp-760492,Na4PtO4,Na4 Pt1 O4,54.146,30.888
mp-28599,Na4Br2O,Na4 Br2 O1,25.283,14.596
mp-568866,Na6ZnSn2,Na6 Zn1 Sn2,16.146,9.403
mp-778364,Na6Ti2O7,Na12 Ti4 O14,46.367,25.335
mp-3138,Na8SnSb4,Na16 Sn2 Sb8,18.677,8.832
mp-28017,Na8Ti5O14,Na16 Ti10 O28,74.063,43.59
mp-8253,Na5ReO6,Na5 Re1 O6,56.295,37.483
mp-20067,Na5OsO6,Na5 Os1 O6,55.843,37.641
mp-29308,Na5Co2S5,Na5 Co2 S5,33.706,14.373
mp-5929,Na5SiP3,Na20 Si4 P12,30.046,16.822
mp-1029574,Na5OsN4,Na10 Os2 N8,39.663,14.17
mp-760400,Na5BiO5,Na5 Bi1 O5,58.661,38.102
mp-11147,Na5CuSO2,Na5 Cu1 S1 O2,35.442,18.576
mp-1029542,Na6MoN4,Na12 Mo2 N8,54.672,37.513
mp-8389,Na6ZnS4,Na12 Zn2 S8,31.23,14.354
mp-1029656,Na6WN4,Na12 W2 N8,53.691,38.074
mp-2861134,KMg6Zr,K1 Mg6 Zr1,29.002,17.592
mp-6178,Cs2KTiF6,Cs2 K1 Ti1 F6,41.268,-23.193
mp-962072,KYSn,K1 Y1 Sn1,26.23,8.847
mp-3982,KCuO2,K2 Cu2 O4,34.178,17.182
mp-961648,KBaP,K1 Ba1 P1,25.882,-12.045
mp-1029347,KPtN,K2 Pt2 N2,66.018,33.563
mp-7438,KZnSb,K2 Zn2 Sb2,24.441,17.165
mp-546633,KClO4,K1 Cl1 O4,15.769,7.16
mp-1021327,KLiICl,K1 Li1 I1 Cl1,15.287,8.606
mp-7077,KAuS,K2 Au2 S2,13.02,6.053
mp-1029404,KGe2N3,K2 Ge4 N6,135.298,78.625
mp-23959,KP(HO2)2,K2 P2 H4 O8,24.639,16.417
mp-35035,KCN,K1 C1 N1,15.286,7.891
mp-7938,KNbS2,K2 Nb2 S4,69.488,46.405
mp-3827,KFeS2,K2 Fe2 S4,16.879,9.027
mp-6179,KLiSO4,K2 Li2 S2 O8,36.141,20.883
mp-974061,KSiO3,K1 Si1 O3,178.452,117.855
mp-21847,KMnAs,K2 Mn2 As2,9.764,10.135
mp-5347,KAlF4,K1 Al1 F4,58.079,14.059
mp-8608,K(Cu2As)2,K1 Cu4 As2,51.763,20.635
mp-10102,KAgC2,K1 Ag1 C2,29.114,14.306
mp-1184755,K,K2,3.576,1.623
mp-16293,KSbO3,K4 Sb4 O12,112.518,73.035
mp-4495,KLiTe,K2 Li2 Te2,19.903,11.932
mp-1018031,KInO2,K1 In1 O2,86.691,43.643
mp-30533,KPt2S3,K2 Pt4 S6,31.59,13.097
mp-863707,KNa2Bi,K1 Na2 Bi1,16.554,10.679
mp-568747,K(NiSe)2,K1 Ni2 Se2,36.261,17.982
mp-604318,K,K4,3.566,1.596
mp-4233,KMnSb,K2 Mn2 Sb2,22.579,12.876
mp-631473,KTi2Bi,K1 Ti2 Bi1,53.236,23.084
mp-976271,KTi2F7,K1 Ti2 F7,83.985,38.463
mp-7621,KTcO4,K2 Tc2 O8,17.135,10.609
mp-6968,Cs2KCuF6,Cs2 K1 Cu1 F6,34.359,16.596
mp-973471,KReO3,K1 Re1 O3,201.94,119.458
mp-974827,KPr3,K1 Pr3,21.468,6.489
mp-24428,KH2N,K2 H4 N2,19.158,10.617
mp-10175,KCdF3,K1 Cd1 F3,55.986,21.121
mp-1002081,KNaICl,K1 Na1 I1 Cl1,14.528,8.011
mp-7375,KNbO3,K1 Nb1 O3,103.322,30.726
mp-34857,KNO2,K1 N1 O2,14.294,8.844
mp-6867,KCaCO3F,K1 Ca1 C1 O3 F1,51.664,29.357
mp-696752,KP(HO2)2,K2 P2 H4 O8,26.171,10.626
mp-560767,KNaTiO3,K2 Na2 Ti2 O6,58.009,27.905
mp-463,KF,K1 F1,29.839,16.899
mp-1866,KO2,K1 O2,24.246,9.593
mp-8175,KTlO2,K1 Tl1 O2,71.739,27.414
mp-669347,KCuF3,K2 Cu2 F6,83.598,33.758
mp-40143,Cs2KZrOF5,Cs2 K1 Zr1 O1 F5,29.868,16.081
mp-10157,K,K1,3.578,1.235
mp-768864,KNdO2,K2 Nd2 O4,69.273,37.8
mp-643989,KHCO2,K2 H2 C2 O4,18.439,10.788
mp-5158,KNO3,K4 N4 O12,17.312,8.418
mp-23289,KCl,K1 Cl1,18.701,8.644
mp-7437,KZnP,K2 Zn2 P2,36.508,26.245
mp-4608,KPF6,K1 P1 F6,23.365,7.181
mp-24084,KH,K1 H1,13.704,10.516
mp-754158,KNdO2,K1 Nd1 O2,69.683,38.368
mp-631254,KMnRu,K1 Mn1 Ru1,37.715,-20.232
mp-773137,KCaBi,K2 Ca2 Bi2,16.088,8.723
mp-16236,KAgSe,K2 Ag2 Se2,27.612,13.172
mp-571263,KIn9Co2,K1 In9 Co2,48.749,29.539
mp-23526,KClO4,K4 Cl4 O16,16.231,8.709
mp-982040,KBiO3,K1 Bi1 O3,86.685,65.445
mp-631322,KSnOs,K1 Sn1 Os1,58.658,15.074
mp-558518,K(NiS)2,K1 Ni2 S2,30.804,22.279
mp-567657,K(CuSe)2,K1 Cu2 Se2,29.409,13.033
mp-973396,KBeO3,K1 Be1 O3,92.168,27.945
mp-22898,KI,K1 I1,10.558,5.635
mp-4126,KUO3,K1 U1 O3,134.466,67.688
mp-631296,KHfNi,K1 Hf1 Ni1,34.014,-234.104
mp-1021848,KMg6V,K1 Mg6 V1,27.035,15.503
mp-4668,K(CoSe)2,K1 Co2 Se2,50.314,24.198
mp-4519,KPrO2,K1 Pr1 O2,67.63,36.621
mp-8267,KPS3,K2 P2 S6,10.254,4.41
mp-23251,KBr,K1 Br1,13.432,7.473
mp-9349,KRb2ScF6,K1 Rb2 Sc1 F6,33.983,13.221
mp-10417,KSbO2,K2 Sb2 O4,23.533,16.167
mp-28270,KCuS,K4 Cu4 S4,16.721,5.768
mp-631345,KZr2Nb,K1 Zr2 Nb1,66.328,-9.647
mp-631318,KSiTc2,K1 Si1 Tc2,126.524,-121.271
mp-982885,KCaO3,K1 Ca1 O3,40.526,3.548
mp-634431,KHCO3,K4 H4 C4 O12,23.521,11.61
mp-631274,KFeP,K1 Fe1 P1,95.326,-39.447
mp-634676,KHS,K2 H2 S2,14.213,8.001
mp-19851,KInTe2,K2 In2 Te4,14.982,9.325
mp-631536,KBIr2,K1 B1 Ir2,136.47,27.99
mp-1019089,KMgAs,K2 Mg2 As2,27.165,18.243
mp-12015,KAg2AsO4,K1 Ag2 As1 O4,55.676,19.499
mp-1017580,KMgH3,K1 Mg1 H3,20.908,-18.751
mp-989580,Cs2KNF6,Cs2 K1 N1 F6,34.612,17.281
mp-29374,KGaSb4,K4 Ga4 Sb16,21.147,13.849
mp-3614,KTaO3,K1 Ta1 O3,188.716,122.495
mp-982195,KNd3,K1 Nd3,22.351,7.949
mp-30717,KHg2,K2 Hg4,11.826,4.929
mp-2464440,KAgCl3,K1 Ag1 Cl3,31.855,11.58
mp-6074,KRb2TiF6,K1 Rb2 Ti1 F6,34.699,22.332
mp-973267,KTcO3,K1 Tc1 O3,180.938,111.434
mp-631314,KTaPt,K1 Ta1 Pt1,75.145,-22.546
mp-7622,KSO4,K2 S2 O8,21.988,11.3
mp-12079,K(CoS)2,K1 Co2 S2,57.052,30.734
mp-1007637,KNaH2,K1 Na1 H2,17.067,13.115
mp-31368,KClO2,K2 Cl2 O4,17.963,7.959
mp-973250,KLa3,K1 La3,19.467,6.112
mp-755480,KRbO,K2 Rb2 O2,17.77,5.392
mp-1018051,KTiS2,K1 Ti1 S2,51.441,33.931
mp-8409,KYO2,K1 Y1 O2,78.584,46.437
mp-8454,KF,K1 F1,33.925,14.164
mp-998913,KO3,K1 O3,14.064,5.756
mp-2828744,KHfMg6,K1 Hf1 Mg6,29.655,17.306
mp-23193,KCl,K1 Cl1,16.489,9.177
mp-6870,KBe2BO3F2,K1 Be2 B1 O3 F2,49.645,34.42
mp-866169,KTl2Bi,K1 Tl2 Bi1,22.656,5.834
mp-7089,KMgSb,K2 Mg2 Sb2,23.427,14.48
mp-863710,KAcTe2,K1 Ac1 Te2,37.606,18.514
mp-631525,KHg2B,K1 Hg2 B1,22.492,-237.864
mp-9318,KZrCuSe3,K2 Zr2 Cu2 Se6,30.478,18.801
mp-11132,KPrTe4,K2 Pr2 Te8,24.932,14.025
mp-569857,K2P3,K8 P12,16.217,9.422
mp-6494,K2Ca(CO3)2,K2 Ca1 C2 O6,46.261,21.788
mp-8724,K2TeO3,K4 Te2 O6,23.313,14.44
mp-863757,K2SbAu,K4 Sb2 Au2,16.33,8.023
mp-9778,K2AgP,K4 Ag2 P2,22.143,11.106
mp-8700,K2Au3,K2 Au3,33.183,14.542
mp-10662,K2CO3,K4 C2 O6,30.395,-7.663
mp-7502,K2Sn2O3,K2 Sn2 O3,23.584,16.772
mp-27839,K2TiCl6,K2 Ti1 Cl6,12.238,5.72
mp-8187,K2ZnO2,K4 Zn2 O4,42.145,9.082
mp-6686,K2NaInF6,K2 Na1 In1 F6,39.509,20.537
mp-3963,K2CO3,K8 C4 O12,27.466,12.321
mp-8262,K2P3,K4 P6,16.206,9.501
mp-13797,K2NaCuF6,K2 Na1 Cu1 F6,42.815,24.134
mp-8415,K2HfF6,K2 Hf1 F6,51.219,25.252
mp-27138,K2PdBr4,K2 Pd1 Br4,10.178,5.644
mp-23956,K2MgH4,K2 Mg1 H4,23.064,17.351
mp-7824,K2ReF6,K2 Re1 F6,26.136,10.888
mp-7667,K2S3,K4 S6,14.703,9.043
mp-9672,K2NiP2,K4 Ni2 P4,20.879,13.474
mp-27243,K2PtBr4,K2 Pt1 Br4,10.721,5.618
mp-1022,K2S,K2 S1,18.259,9.782
mp-13798,K2NaTlF6,K2 Na1 Tl1 F6,37.066,18.04
mp-31212,K2MgF4,K2 Mg1 F4,45.872,26.717
mp-8621,K2PtSe2,K2 Pt1 Se2,28.157,14.58
mp-27304,K2MnCl6,K2 Mn1 Cl6,11.197,6.094
mp-643257,K2H4Pd,K2 H4 Pd1,14.628,8.069
mp-867920,K2Rh2O5,K2 Rh2 O5,84.38,47.77
mp-8623,K2Te2Pt,K2 Te2 Pt1,22.506,10.459
mp-14039,K2NaRhF6,K2 Na1 Rh1 F6,43.639,22.615
mp-3970,K2TiF6,K2 Ti1 F6,27.845,12.002
mp-27691,K2PtBr6,K2 Pt1 Br6,12.515,5.95
mp-8446,K2CuP,K4 Cu2 P2,21.887,10.978
mp-7643,K2AgSb,K4 Ag2 Sb2,17.264,9.354
mp-1025158,K2PuO4,K2 Pu1 O4,53.382,28.851
mp-3042,K2SiF6,K2 Si1 F6,19.56,10.152
mp-15684,K2CuAs,K4 Cu2 As2,22.329,9.944
mp-20623,K2Cd(CN)4,K4 Cd2 C8 N8,14.761,5.221
mp-571440,K2CuBr3,K8 Cu4 Br12,15.253,7.497
mp-8891,K2Zr(BO3)2,K2 Zr1 B2 O6,64.928,34.028
mp-13190,KRb2GaF6,K1 Rb2 Ga1 F6,35.653,15.358
mp-8756,KLiSe,K2 Li2 Se2,24.635,15.306
mp-12414,K(USe3)2,K1 U2 Se6,36.136,22.025
mp-22901,KI,K1 I1,12.418,5.209
mp-15687,KZnAs,K1 Zn1 As1,30.741,20.548
mp-571124,Cs2KScCl6,Cs2 K1 Sc1 Cl6,16.957,7.863
mp-7569,KAsF6,K1 As1 F6,16.776,6.563
mp-23846,KHF2,K2 H2 F4,26.337,13.538
mp-7911,KCuO,K4 Cu4 O4,33.195,14.741
mp-15724,KNa2Sb,K1 Na2 Sb1,18.878,12.629
mp-4950,KCaF3,K1 Ca1 F3,48.658,25.296
mp-549490,KNb4O5F,K1 Nb4 O5 F1,139.204,85.723
mp-7959,KErO2,K1 Er1 O2,83.58,49.484
mp-12532,KAg2PS4,K1 Ag2 P1 S4,36.776,13.319
mp-1076,KB6,K1 B6,133.72,97.556
mp-22958,KBrO3,K1 Br1 O3,19.057,10.994
mp-1019105,KMgBi,K2 Mg2 Bi2,19.85,12.079
mp-6847,KY2Ti2S2O5,K1 Y2 Ti2 S2 O5,73.072,31.84
mp-35276,K(FeAs)2,K1 Fe2 As2,48.787,24.423
mp-10092,KCu4Se3,K1 Cu4 Se3,41.111,14.519
mp-29138,KAuSe2,K2 Au2 Se4,20.785,8.939
mp-10161,KZnSb,K1 Zn1 Sb1,24.144,15.515
mp-827,KN3,K2 N6,20.517,11.746
mp-568428,KNa(BH4)2,K1 Na1 B2 H8,16.079,8.573
mp-3553,KTeAu,K2 Te2 Au2,27.321,13.392
mp-27418,KAuO2,K1 Au1 O2,46.429,18.352
mp-3448,KMgF3,K1 Mg1 F3,74.789,43.567
mp-27677,KCu4S3,K1 Cu4 S3,47.956,18.881
mp-5246,KNbO3,K1 Nb1 O3,103.853,50.363
mp-559612,KLiO,K4 Li4 O4,31.925,20.733
mp-5566,KCuF3,K2 Cu2 F6,68.887,30.35
mp-1021423,KMg6Ti,K1 Mg6 Ti1,48.731,21.953
mp-7483,KHgF3,K4 Hg4 F12,50.671,12.972
mp-4342,KNbO3,K1 Nb1 O3,109.845,60.647
mp-570303,KTmI3,K2 Tm2 I6,17.864,7.948
mp-556609,KSb(PS3)2,K2 Sb2 P4 S12,10.832,6.848
mp-569886,KIn9Ni2,K1 In9 Ni2,39.521,20.557
mp-1018652,KCdSb,K2 Cd2 Sb2,21.748,8.899
mp-7387,KAgF4,K2 Ag2 F8,23.276,10.958
mp-40204,KZrTl2OF5,K1 Zr1 Tl2 O1 F5,31.533,7.198
mp-631464,KBePt,K1 Be1 Pt1,38.778,-104.989
mp-8188,KScO2,K1 Sc1 O2,95.827,57.465
mp-760376,KTiO3,K1 Ti1 O3,52.449,24.293
mp-9884,KFeSe2,K2 Fe2 Se4,19.144,7.483
mp-5878,KZnF3,K1 Zn1 F3,71.15,33.286
mp-962073,KBaSn,K1 Ba1 Sn1,14.567,11.023
mp-935811,KNbO3,K1 Nb1 O3,172.61,109.553
mp-2910,KAlF4,K2 Al2 F8,47.118,19.31
mp-2789384,KMg6Nb,K1 Mg6 Nb1,30.941,18.969
mp-981313,KTbO3,K1 Tb1 O3,54.299,2.471
mp-10165,KAlTe2,K2 Al2 Te4,17.465,10.999
mp-1002083,CsKICl,Cs1 K1 I1 Cl1,10.751,5.533
mp-7940,KNbSe2,K2 Nb2 Se4,56.925,37.527
mp-989585,Cs2KPbF6,Cs2 K1 Pb1 F6,26.386,13.579
mp-7421,KZnAs,K2 Zn2 As2,30.9,21.894
mp-1009048,KAgO,K1 Ag1 O1,42.453,64.93
mp-1018072,KTiS2,K1 Ti1 S2,51.499,33.145
mp-984357,CsKO3,Cs1 K1 O3,38.067,33.016
mp-882700,KTiF4,K2 Ti2 F8,35.497,13.954
mp-27865,KMgCl3,K4 Mg4 Cl12,31.053,15.706
mp-12098,K(PRh)2,K1 P2 Rh2,54.245,32.9
mp-973830,KErO3,K1 Er1 O3,65.414,3.327
mp-6812,KBaPO4,K4 Ba4 P4 O16,55.459,26.743
mp-9490,KAg2SbS4,K1 Ag2 Sb1 S4,30.86,10.721
mp-753774,KTmO2,K1 Tm1 O2,85.994,50.551
mp-9061,KPdF3,K1 Pd1 F3,68.848,19.737
mp-974842,KPtO3,K1 Pt1 O3,119.312,51.104
mp-6560,KSO2F,K2 S2 O4 F2,17.575,8.399
mp-569408,K(CoAs)2,K1 Co2 As2,37.779,28.456
mp-631329,KMoRu2,K1 Mo1 Ru2,142.296,48.436
mp-15781,KLaS2,K1 La1 S2,37.153,20.828
mp-1021424,KMg6Mo,K1 Mg6 Mo1,39.445,21.388
mp-7436,KCuTe,K2 Cu2 Te2,29.374,17.875
mp-4026,KCrS2,K1 Cr1 S2,55.286,34.149
mp-631408,KSi2Hg,K1 Si2 Hg1,34.801,-13.397
mp-23737,KMgH3,K1 Mg1 H3,34.622,31.061
mp-14796,KPt2Se3,K2 Pt4 Se6,24.605,11.179
mp-7420,KHgAs,K2 Hg2 As2,25.11,14.645
mp-8013,KRuF6,K1 Ru1 F6,11.553,4.906
mp-570891,KBr,K1 Br1,15.624,7.04
mp-1023129,KCuCl3,K1 Cu1 Cl3,38.496,17.3
mp-15783,KSmS2,K1 Sm1 S2,40.489,25.094
mp-9881,KAuSe,K2 Au2 Se2,13.45,5.715
mp-5309,KAuF4,K2 Au2 F8,22.107,10.288
mp-23562,KIO4,K2 I2 O8,20.199,10.494
mp-989529,KRb2InCl6,K1 Rb2 In1 Cl6,16.539,-18.145
mp-754883,KHoO2,K1 Ho1 O2,82.791,47.939
mp-551092,KLiZnO2,K2 Li2 Zn2 O4,58.328,29.535
mp-636056,KN3,K2 N6,4.298,4.685
mp-1029444,KCoN,K4 Co4 N4,43.832,33.031
mp-974738,KSr3,K1 Sr3,9.273,4.846
mp-7435,KCuSe,K2 Cu2 Se2,35.575,21.711
mp-23487,KIO3,K4 I4 O12,21.031,14.11
mp-20422,KMnP,K2 Mn2 P2,11.679,9.709
mp-626785,KHO,K2 H2 O2,30.922,17.006
mp-555576,KNaS2O7,K2 Na2 S4 O14,23.283,12.267
mp-556084,KClO3,K4 Cl4 O12,15.73,8.247
mp-3486,KSnSb,K2 Sn2 Sb2,19.885,13.626
mp-10423,KAuC2,K1 Au1 C2,34.812,17.635
mp-1029336,KZnN,K4 Zn4 N4,36.495,12.387
mp-9583,K2ZnF4,K2 Zn1 F4,45.168,20.696
mp-9486,K2AlF5,K2 Al1 F5,27.421,13.57
mp-22956,K2PdCl4,K2 Pd1 Cl4,11.845,6.796
mp-14168,K2GeF6,K4 Ge2 F12,22.604,11.68
mp-540584,K2PdO2,K2 Pd1 O2,54.425,17.436
mp-1023132,K2Cu(ClF)2,K4 Cu2 Cl4 F4,19.095,10.273
mp-504935,K2PbO3,K8 Pb4 O12,38.231,19.096
mp-22756,K2PbO3,K4 Pb2 O6,39.098,17.293
mp-4731,K2UF6,K2 U1 F6,45.281,21.626
mp-9839,K2LiAlF6,K2 Li1 Al1 F6,49.406,25.226
mp-10408,K2CN2,K2 C1 N2,31.342,14.596
mp-23036,K2SeBr6,K2 Se1 Br6,11.09,5.006
mp-9068,K2NaAlP2,K4 Na2 Al2 P4,24.93,16.531
mp-5699,K2CuF4,K2 Cu1 F4,43.612,18.902
mp-23513,K2PtCl6,K2 Pt1 Cl6,12.754,6.625
mp-6058,K2NaScF6,K2 Na1 Sc1 F6,41.223,23.479
mp-569149,K2TeCl6,K2 Te1 Cl6,10.788,5.438
mp-568914,K2WCl6,K2 W1 Cl6,12.36,5.031
mp-8414,K2HfF6,K2 Hf1 F6,15.293,6.037
mp-643279,K2H6Pt,K2 H6 Pt1,15.531,9.309
mp-2672,K2O2,K4 O4,32.413,16.455
mp-1747,K2Te,K2 Te1,13.039,7.26
mp-568333,K2SnBr6,K2 Sn1 Br6,10.429,4.995
mp-23505,K2TeBr6,K2 Te1 Br6,10.176,4.976
mp-28163,K2PdF4,K2 Pd1 F4,24.004,9.85
mp-22947,K2ReCl6,K2 Re1 Cl6,11.602,6.545
mp-4529,K2SO4,K8 S4 O16,28.688,16.186
mp-13799,K2NaYF6,K2 Na1 Y1 F6,36.926,19.851
mp-10381,K2CuSb,K4 Cu2 Sb2,17.39,8.653
mp-989587,K2SBrCl6,K2 S1 Br1 Cl6,17.784,-4.917
mp-3808,K2UO4,K2 U1 O4,60.113,29.379
mp-9069,K2NaAlAs2,K4 Na2 Al2 As4,22.098,14.515
mp-695998,K2ZnH4,K8 Zn4 H16,16.778,11.148
mp-23067,K2PdCl6,K2 Pd1 Cl6,12.406,6.418
mp-27835,K2OsBr6,K2 Os1 Br6,12.514,5.247
mp-6586,K2NaAlF6,K2 Na1 Al1 F6,45.766,27.366
mp-1021516,K2Sn,K2 Sn1,8.242,3.639
mp-22934,K2PtCl4,K2 Pt1 Cl4,12.029,6.669
mp-8426,K2Se,K2 Se1,15.851,8.676
mp-7928,K2PtS2,K2 Pt1 S2,35.048,17.968
mp-4264,K2S2O5,K4 S4 O10,20.378,10.521
mp-863759,CsK2Bi,Cs1 K2 Bi1,10.835,6.637
mp-27207,K2MgCl4,K2 Mg1 Cl4,21.759,10.672
mp-23021,K2ReBr6,K2 Re1 Br6,11.063,5.229
mp-3821,K2PtF6,K2 Pt1 F6,24.229,10.53
mp-571594,K3AgSn3Se8,K6 Ag2 Sn6 Se16,14.728,7.569
mp-982665,K3In,K3 In1,6.339,3.261
mp-973627,K3Sr,K3 Sr1,4.92,1.341
mp-14018,K3As,K6 As2,12.83,5.999
mp-568516,K3Bi,K3 Bi1,11.606,5.881
mp-1029756,K3BN2,K12 B4 N8,29.455,12.232
mp-28980,K3BiSe3,K12 Bi4 Se12,12.443,7.072
mp-7439,K3Cu3P2,K3 Cu3 P2,25.523,10.614
mp-11801,K3N,K6 N2,2.72,1.43
mp-571461,K4ZnAs2,K4 Zn1 As2,14.495,7.556
mp-29584,K4BeAs2,K4 Be1 As2,16.006,8.037
mp-768368,K4I2O,K4 I2 O1,13.588,7.139
mp-11719,K4ZnP2,K4 Zn1 P2,17.068,8.485
mp-28302,K4CdP2,K4 Cd1 P2,16.356,7.963
mp-29484,K4HgAs2,K4 Hg1 As2,14.347,7.232
mp-8753,K4HgP2,K4 Hg1 P2,16.008,8.277
mp-29585,K4CdAs2,K4 Cd1 As2,14.836,7.057
mp-551736,K4CO4,K4 C1 O4,17.431,0.411
mp-28627,K4Br2O,K4 Br2 O1,15.726,8.724
mp-9872,K4BeP2,K4 Be1 P2,18.358,8.524
mp-8624,K2Sn2O3,K4 Sn4 O6,23.501,15.91
mp-31363,K2TaCl6,K2 Ta1 Cl6,12.244,4.805
mp-7979,K2PdF6,K2 Pd1 F6,23.767,9.335
mp-581024,CsK2Sb,Cs1 K2 Sb1,12.368,7.769
mp-9687,K2PAu,K4 P2 Au2,21.569,9.22
mp-27632,K2TcCl6,K2 Tc1 Cl6,11.33,5.731
mp-971,K2O,K4 O2,27.218,12.49
mp-23499,K2SnCl6,K2 Sn1 Cl6,11.298,5.661
mp-28166,K3BrO,K3 Br1 O1,19.399,12.792
mp-10159,K3Sb,K3 Sb1,13.114,6.582
mp-973554,K3Sm,K3 Sm1,6.764,12.973
mp-28273,K3CuO2,K24 Cu8 O16,27.774,13.205
mp-1184863,K3Mo,K3 Mo1,6.71,2.555
mp-690789,K3ReH6,K3 Re1 H6,25.075,8.757
mp-983388,K3Hg,K3 Hg1,4.365,0.904
mp-684709,K3B17,K6 B34,97.13,68.913
mp-974641,K3Tl,K3 Tl1,5.319,0.352
mp-9200,K3AuO,K3 Au1 O1,18.66,11.654
mp-28171,K3IO,K3 I1 O1,18.587,12.762
mp-973446,K3W,K3 W1,8.076,2.93
mp-973614,K3Sn,K3 Sn1,9.269,2.325
mp-29379,K3BiTe3,K12 Bi4 Te12,9.122,4.756
mp-973528,K3Si,K3 Si1,9.969,0.64
mp-14205,K3Cu3As2,K3 Cu3 As2,23.904,10.21
mp-9665,K3BAs2,K6 B2 As4,16.559,7.368
mp-557753,K3PO4,K12 P4 O16,36.838,19.669
mp-974627,K3Tl,K3 Tl1,5.574,2.908
mp-982780,K3Cd,K3 Cd1,5.074,2.625
mp-973622,K3Sr,K3 Sr1,4.901,1.584
mp-973271,K3Y,K3 Y1,7.141,-10.74
mp-973265,K3Zr,K3 Zr1,6.941,2.439
mp-973535,K3Sc,K3 Sc1,23.71,1.21
mp-982664,K3In,K3 In1,6.456,3.082
mp-7897,K3P,K6 P2,13.975,6.039
mp-23697,K3AlH6,K3 Al1 H6,18.623,-53.67
mp-9664,K3BP2,K6 B2 P4,18.515,8.013
