material_id,composition,K_vrh
mp-755646,Li2 Cu2 O2,28.615
mp-975321,Li2 Si6,40.544
mp-16648,Li2 Sn8 Rh2,63.729
mp-14209,Li3 Y3 Ge3,59.504
mp-33322,Li2 Ho2 Se4,46.754
mp-863257,Li1 Ga3,39.269
mp-865738,Li1 Pr1 Hg2,47.688
mp-3924,Li2 Nb2 O4,156.667
mp-29463,Li4 Be4 N4,92.715
mp-31301,Li2 Sn8 Au6,62.451
mp-977374,Li1 Lu1 Pd2,84.798
mp-982667,Li1 Al2 Os1,136.0
mp-862719,Li1 Y2 Os1,80.346
mp-867877,Li1 Cd1 Au2,73.965
mp-31468,Li4 Ca4 N4,69.668
mp-33363,Li2 Y2 S4,53.265
mp-973058,Li1 Lu2 Al1,54.59
mp-569450,Li2 B12 C2,196.324
mp-865228,Li1 Sc1 Pt2,116.125
mp-973966,Li1 In1 I4 O12,29.761
mp-1021327,K1 Li1 I1 Cl1,15.287
mp-3666,Li2 Ta2 O6,121.383
mp-865870,Li1 Zr2 Os1,134.753
mp-977391,Li1 Nd2 Os1,73.027
mp-12403,Li3 B3 F12,14.836
mp-35591,Li2 Er2 S4,53.745
mp-867222,Li1 Ca2 Ir1,48.032
mp-570379,Cs2 Li1 Lu1 Cl6,19.84
mp-11806,Li1 Mg1 Sn1 Pt1,86.934
mp-867272,Li1 Al1 Cu2,87.133
mp-9919,Li2 Zn2 Sb2,46.251
mp-867829,Li1 V1 Rh2,179.191
mp-865893,Li1 Zr2 Tc1,117.351
mp-977570,Li1 Pr2 Os1,70.817
mp-1001581,Li1 C6,150.185
mp-861951,Li1 Ta1 Rh2,185.431
mp-9918,Li8 Ge8,39.993
mp-865963,Li1 Ga1 Ag2,66.916
mp-867255,Li1 Zn2 Au1,80.793
mp-35388,Li2 Sm2 Se4,43.726
mp-862492,Li1 Er1 Tl2,43.284
mp-867807,Li1 Y1 Tl2,41.8
mp-1025455,Li2 Nb4 O2,112.151
mp-29868,Li1 Au1 C2,50.028
mp-862841,Li1 Pm2 Os1,74.575
mp-977440,Li1 Ti1 Pt2,148.971
mp-10182,Li1 Zn1 P1,63.12
mp-934,Li1 Tl1,26.903
mp-34993,Li12 Al12 O24,153.169
mp-6179,K2 Li2 S2 O8,36.141
mp-996961,Li2 Au2 O4,56.84
mp-867287,Li1 In1 Au2,76.048
mp-20698,Li2 Co2 As2,48.848
mp-861733,Li1 Te1 Pd2,94.385
mp-1029903,Li4 Nb4 N8,110.992
mp-2724538,Li2 Cu2 S2,25.653
mp-862667,Li1 Ac2 Ge1,38.715
mp-867810,Li1 Y1 Hg2,52.184
mp-13474,Li3 Er3 Ge3,59.851
mp-30764,Li2 Pt4,135.254
mp-10189,Li1 Ti1 Te2,35.309
mp-865940,Li1 Th1 Au2,83.821
mp-15791,Li1 Er1 S2,50.021
mp-989583,Rb2 Li1 In1 Cl6,20.952
mp-754605,Li2 Lu2 O4,114.047
mp-29754,Sr2 Li2 N2,54.044
mp-5840,Li2 Sc2 O4,118.79
mp-38280,Li2 Ti2 O4,170.849
mp-7243,Li1 Sn1 Pd2,108.005
mp-30301,Li4 Cl4 O16,30.023
mp-5920,Li1 Al1 Ge1,55.853
mp-982666,Li1 Al2 Tc1,115.85
mp-865907,Li1 Zn3,56.751
mp-1002069,Na1 Li1 I1 Cl1,20.106
mp-864630,Li1 Mg2 Hg1,42.537
mp-989562,Cs2 Li1 Tl1 F6,33.191
mp-22899,Li1 I1,19.889
mp-973191,Li1 Tl3,26.317
mp-6326,Li12 Al12 Si12 O48,114.023
mp-1009006,Li1 Cd1 As1,46.662
mp-862318,Li1 Al2 Ni1,103.846
mp-961683,Li1 Mg1 P1,49.919
mp-38695,Li2 Tb2 Se4,46.042
mp-20363,Li1 Ga2 Pt1,103.688
mp-4495,K2 Li2 Te2,19.903
mp-982975,Li1 Be1 O3,112.446
mp-2426,Li1 Ag1,41.392
mp-862588,Li1 Dy2 Tc1,68.896
mp-754912,Li1 Cu1 O2,109.67
mp-862312,Li1 Be1 Pd2,124.471
mp-862658,Li1 Cu3,92.453
mp-644419,Li4 H4 S4,21.647
mp-9575,Li2 Be2 Sb2,56.099
mp-2475638,Li2 Be2,34.988
mp-977542,Li1 Tb1 Tl2,42.072
mp-1001831,Li2 B2,125.064
mp-865231,Li1 Sc1 Tl2,44.718
mp-865184,Li1 Sc1 Pd2,91.829
mp-30057,Li4 C4 N4,23.889
mp-24149,Li1 Ce2 H1 O3,123.514
mp-20310,Li4 In4 Se8,29.929
mp-14476,Li4 Rh4 O8,124.841
mp-862815,Li1 Sc1 Au2,82.368
mp-976600,Li1 Hf2 Tc1,127.886
mp-865710,Li1 Sn1 Au2,67.96
mp-8874,Li1 Si1 B1 O4,94.759
mp-571454,Li1 Ag1 C2,38.657
mp-961698,Li1 Zn1 P1,64.164
mp-962070,Li1 Sc1 Si1,48.827
mp-861901,Li1 Ga1 Cu2,86.815
mp-866146,Li1 Sm2 Ir1,74.686
mp-4913,Li1 Ga2 Rh1,103.896
mp-862657,Li1 Cu1 Pd2,144.978
mp-764648,Li2 Ti2 O4,140.834
mp-552588,Li2 Nb2 O6,144.515
mp-861931,Li1 Pt3,182.434
mp-135,Li1,13.87
mp-753946,Li2 Co2 S4,76.01
mp-30648,Li1 Mg2 Ga1,38.321
mp-976598,Li1 Hf2 Ir1,142.948
mp-864804,Li1 Tb1 Hg2,52.714
mp-51,Li1,13.874
mp-21894,Li2 Sn8 Ir2,69.115
mp-567787,Li1 In1 Ag2,60.474
mp-977583,Li1 Np1 Ir2,183.332
mp-862290,Li1 Fe1 Rh2,145.894
mp-975649,Li2 Tm6,36.414
mp-1020059,Li2 Ge4 N6,122.768
mp-867196,Li1 Cd2 Pd1,71.539
mp-976272,Li1 Ca3,15.36
mp-10614,Sr1 Li1 P1,42.523
mp-753257,Li2 Cu2 F8,27.725
mp-40189,Ba1 Li1 La1 Te1 O6,289.195
mp-10890,Li1 Al3,63.994
mp-862927,Li1 Pm1 Hg2,49.81
mp-867160,Li1 Cd2 Au1,64.741
mp-753508,Li4 Cu4 S4,38.109
mp-862321,Li1 As1 Pd2,108.466
mp-861658,Li1 Mn1 Pt2,134.07
mp-3524,Li2 P2 N4,135.35
mp-10181,Li1 Si1 Ni2,149.838
mp-570935,Li2 I2,14.86
mp-1001784,Li1 Ti1 S2,60.842
mp-569788,Li3 Zn3 Ge3,52.042
mp-20801,Li1 In2 Pd1,67.719
mp-976426,Li1 Lu1 Hg2,54.534
mp-861875,Li1 Hf2 Re1,137.66
mp-11248,Li1 Au3,98.057
mp-631269,Li1 Ir1 Rh1,141.531
mp-2362485,Li3 Mg3,25.554
mp-672340,Li1 In2 Ru1,95.132
mp-15788,Li1 Y1 S2,48.397
mp-865708,Li1 Sm2 Ru1,66.47
mp-28567,Li2 Bi2 F8,75.053
mp-13322,Li1 Ge1 Rh2,168.2
mp-867250,Li1 Zn2 Pd1,87.893
mp-31208,Li1 In2 Ir1,103.987
mp-5127,Li4 Cu4 O4,69.627
mp-675460,Li1 Ti1 Cl3,35.091
mp-631338,Li1 Zr1 Sc1,25.706
mp-8310,Li1 Ni2 P2,111.137
mp-568273,Li2 I2,20.169
mp-1138,Li1 F1,69.649
mp-1018135,Li1 Cd1 As1,46.596
mp-865912,Li1 Zn2 Rh1,102.513
mp-2743,Li1 Pd1,72.655
mp-8756,K2 Li2 Se2,24.635
mp-758604,Li2 Ag2 F4,36.273
mp-865872,Li1 Zr2 Re1,126.874
mp-11582,Li4 Ga4 Se8,34.67
mp-30738,Li1 Ir3,242.519
mp-973415,Li2 La6,23.83
mp-867285,Li1 Tb2 Ir1,81.503
mp-977399,Li1 Mg1 Pd2,84.673
mp-977563,Li1 Nb1 Ir2,209.556
mp-1934,Li2 Zn2,41.652
mp-30079,Li1 Mg2 Ge1,38.234
mp-21297,Li2 Sn8 Ru2,68.495
mp-23797,Li2 H12 Cl2 O14,20.3
mp-25372,Li1 Cu1 O2,118.564
mp-567652,Cs2 Li1 Y1 Cl6,19.256
mp-861930,Li1 Pd1 Au2,102.194
mp-15793,Li1 Tb1 Se2,40.551
mp-755570,Li1 Ni2 S2,72.246
mp-867252,Li1 Zn2 Ni1,41.35
mp-1063005,Li3,13.65
mp-1009009,Li1 F1,70.937
mp-30156,Li4 Mg4 N4,96.016
mp-862549,Li1 Ac1 Tl2,34.711
mp-862632,Li1 Ca2 Al1,29.043
mp-7575,Li1 Zn1 N1,112.773
mp-530399,Li4 Al20 O32,196.082
mp-16349,Li1 Ni2 Ge1,132.644
mp-1001835,Li2 B2,70.778
mp-941221,Li6 B30 H30,16.486
mp-961723,Li1 Ca1 Rh1,42.619
mp-8452,Na2 Li2 S2,35.529
mp-861881,Li1 Ge1 Au2,77.804
mp-754344,Li1 Zn1 O2,101.841
mp-867744,Li1 Ti3 O4,193.852
mp-9719,Na8 Li4 Al4 P8,40.227
mp-7298,Li1 Cu2 P2,92.396
mp-631334,Li1 Tc2 Pd1,176.159
mp-2479693,Li3 Ca3 Sn3,33.128
mp-1021323,Li1 C12,140.283
mp-756094,Li1 Fe1 S2,70.86
mp-861736,Li1 Sb1 Pd2,107.809
mp-13288,Ba6 Li2 N2,12.858
mp-862297,Li1 Al1 Rh2,147.585
mp-973824,Li1 Hg3,22.639
mp-35717,Li2 Dy2 Se4,46.015
mp-973940,Li1 Cd3,41.518
mp-865812,Li1 Sm1 Hg2,50.518
mp-974060,Li1 Dy3,32.831
mp-36111,Li1 Mg1 P1,53.996
mp-864755,Li1 Ac1 Te2,41.104
mp-11390,Li1 Ga1 Si1,58.688
mp-972285,Sr3 Li1,11.008
mp-1008911,Li1 Mn1 As1,43.203
mp-996988,Li1 Ag1 O2,75.626
mp-2659898,Li2 B2 H8,17.533
mp-632808,Ba1 Li1 H3,16.673
mp-3731,Li8 Nb8 O24,103.121
mp-23259,Li1 Br1,25.963
mp-865868,Li1 Zr1 Rh2,137.351
mp-975906,Li1 Al3,62.466
mp-862335,Li1 As1 Rh2,160.442
mp-631339,Na2 Li1 Ta1,17.782
mp-973613,Li1 Ce1 O3,156.051
mp-20265,Li1 In2 Pt1,81.018
mp-10173,Li2,14.344
mp-1008925,Li1 Fe1 P1,63.254
mp-8001,Li1 Al1 O2,142.701
mp-974938,Rb3 Li1,3.531
mp-1029338,Li2 V4 N6,147.437
mp-25417,Li1 Ti1 O2,132.322
mp-7554,Li1 Mg1 Sn1 Au1,61.1
mp-541365,Li1 Eu1 H3,47.287
mp-559612,K4 Li4 O4,31.925
mp-977561,Li1 Ta1 Ir2,222.448
mp-975909,Li1 Au3,102.226
mp-753506,Li1 Bi1 S2,60.947
mp-11977,Li2 Sn2 Au2,58.955
mp-20998,Li3 Ca3 Pb3,29.742
mp-8002,Li1 Ga1 O2,118.336
mp-30817,Li1 Al2 Pd1,104.819
mp-758302,Li2 Ag2 F4,54.712
mp-755253,Li2 Zr2 O4,158.131
mp-864762,Li1 Mg2 Zn1,40.259
mp-861616,Li1 Sc2 Ir1,99.243
mp-8481,Li3 Pr3 Ge3,53.023
mp-867267,Li1 Ho2 Pt1,74.476
mp-976259,Li1 Tm1 Rh2,103.934
mp-861913,Li1 Dy2 Al1,49.683
mp-962069,Li1 Ag1 Te1,40.089
mp-862842,Li1 Pm2 Pt1,63.715
mp-8873,Li1 Ge1 B1 O4,89.133
mp-861896,Li1 Hg2 Pd1,69.136
mp-864614,Li1 Mg2 Pt1,70.501
mp-2468774,Li4 Cu4 S4,62.759
mp-36791,Li2 Nd2 S4,47.891
mp-861666,Li1 Ru2 W1,221.989
mp-766486,Li2 Cu2 S4,46.834
mp-13277,Ba2 Li2 P2,39.363
mp-13916,Li4 Ca4 Si8,47.84
mp-1029932,Li4 V4 N8,80.75
mp-861625,Li1 Zn1 Ag2,65.489
mp-867211,Li1 Ca2 In1,27.505
mp-12716,Li1 Tl1 Pd2,94.163
mp-753722,Li1 Cu1 S2,41.616
mp-864631,Li1 Nb1 Rh2,175.191
mp-989579,Rb2 Li1 Tl1 Cl6,19.666
mp-862677,Li1 Ho1 Tl2,42.546
mp-989504,Na2 Li1 N1 F6,59.139
mp-976291,Li2 Al2 H8,24.716
mp-753541,Li2 Cu2 F8,39.822
mp-1029395,Li2 Cr2 N4,87.366
mp-9562,Li2 Be2 As2,54.336
mp-753605,Li4 Cu4 S4,26.248
mp-569331,Li2 Sn12 Pd4,61.911
mp-973874,Li1 La2 Al1,36.572
mp-867927,Li1 V1 Ir2,223.046
mp-754537,Li1 Lu1 O2,96.985
mp-861956,Li1 Pm2 Ir1,73.728
mp-973561,Li1 Ce2 Ru1,65.477
mp-961684,Li1 Ca1 As1,37.314
mp-865116,Li1 Sm1 Tl2,41.722
mp-30821,Li1 Al2 Rh1,119.342
mp-982974,Li1 Be1 Au2,105.456
mp-861624,Li1 La1 Hg2,44.988
mp-862296,Li1 Al1 Pt2,151.998
mp-867834,Li1 Hf1 Pt2,146.996
mp-976424,Li1 La3,30.515
mp-865939,Li1 Mg2,30.17
mp-976280,Li2 Br2,19.461
mp-2365577,Li2 Ni2 S4,71.293
mp-755000,Li2 Ti2 O4,129.822
mp-13914,Li1 Co2 Ge1,154.032
mp-27227,Li2 Ag6 O4,66.519
mp-867313,Li1 Tm1 Pt2,103.456
mp-1018786,Li2 Mn2 Sb2,30.709
mp-862377,Li1 Be2 Ir1,139.753
mp-631330,Li1 Ta1 W2,174.843
mp-11512,Li1 Al2 Ir1,135.916
mp-29520,Li2 Au2 I8,6.138
mp-864784,Li1 Sn1 Rh2,142.707
mp-758741,Li1 Fe2 P2,126.556
mp-12564,Li1 Sb1 Au1,53.85
mp-867206,Li1 Cd2 Pt1,84.2
mp-861900,Li1 Ga1 Au2,85.118
mp-865936,Li1 Sc2 Tc1,82.734
mp-1001786,Li1 Sc1 S2,55.65
mp-13444,Li6 Sn6,37.597
mp-5048,Li2 Ga2 Te4,26.207
mp-867119,Li1 Hf1 Pd2,117.376
mp-862555,Li1 Y2 Al1,50.306
mp-975990,Na1 Li1 O3,49.933
mp-862774,Li1 In1 Pt2,128.499
mp-867364,Li1 Tm1 Pd2,82.224
mp-867258,Li1 Zn1 Pd2,109.393
mp-862684,Li1 Hf2 Os1,145.945
mp-867148,Li1 Hf1 Rh2,145.866
mp-9615,Li1 Ti1 S2,65.258
mp-8754,Na4 Li4 Te4,24.832
mp-1029294,Li2 Sn4 N6,83.514
mp-23856,Li2 H2 O2,14.251
mp-9472,Li1 Ag2 Ge1,64.676
mp-861932,Li1 Zn1 Au2,86.57
mp-867924,Li1 Cd1 Pd2,93.448
mp-863659,Li1 Sc1 Hg2,57.209
mp-604313,Li4,9.564
mp-22905,Li1 Cl1,32.161
mp-567097,Li1 Cu2 Ge1,88.21
mp-861629,Li1 Mn1 Pd2,102.805
mp-753848,Li2 Cu6 O6,89.756
mp-753371,Li4 Cu4 S4,32.045
mp-996992,Li1 Ag1 O2,70.805
mp-861661,Li1 Pr2 Ru1,61.849
mp-2659,Li1 N3,35.899
mp-23702,Li4 H8 N4,28.876
mp-1029424,Li2 Ti4 N6,134.345
mp-3348,Li4 B4 Ir4,163.719
mp-976260,Li1 Tm2 Au1,64.88
mp-853967,Li4 Cu4 S4,42.412
mp-795,Li8 Si8,52.319
mp-3700,Li2 Y2 F8,79.743
mp-753326,Li1 Ag2 F6,50.447
mp-989405,Cs2 Li1 In1 Br6,16.592
mp-7555,Li1 Mg1 Sn1 Pd1,73.754
mp-973455,Li2 Mg4,29.769
mp-675334,Li1 Ti2 O4,168.606
mp-9588,Li8 P8,41.365
mp-1067,Li2 Al2,48.228
mp-975044,Li2 Si4 Rh4,162.926
mp-867197,Li1 Ga1 Ni2,117.728
mp-976411,Li4,13.866
mp-862613,Li1 Ac2 Ga1,33.104
mp-862737,Li1 Hg1 Pd2,97.049
mp-22716,Li2 Cu4 P2,77.333
mp-30819,Li1 Al2 Pt1,124.378
mp-867170,Li1 Ga1 Pt2,151.641
mp-569685,Li1 Zn1 P1,58.055
mp-1307,Li2 Ga2,42.172
mp-989551,Li1 Tl2 In1 F6,41.494
mp-10615,Ba1 Li1 P1,37.873
mp-1018133,Li1 H1 Pd1,82.256
mp-6521,Li2 La2 Ti2 O8,122.869
mp-867198,Li1 Ga1 Pd2,117.477
mp-867223,Li1 Ga2 Ni1,90.52
mp-15789,Li1 Dy1 S2,49.046
mp-861955,Li1 Pm2 Ge1,52.428
mp-755144,Na2 Li2 O2,55.978
mp-865578,Li1 Nd2 Ga1,43.608
mp-20567,Li1 Ga2 Ru1,115.246
mp-605860,Ba16 Li8 N8,16.114
mp-773044,Li2 Cu2 O4,57.048
mp-631319,Li1 Ti1 Re1,86.699
mp-21471,Li2 Fe2 As2,67.093
mp-33526,Li2 Bi2 S4,49.655
mp-974642,Li1 Ag2 Pb1,47.164
mp-33667,Li2 Dy2 S4,53.412
mp-867873,Li1 Tm2 Al1,53.804
mp-867121,Li1 Y2 Pt1,71.412
mp-9839,K2 Li1 Al1 F6,49.406
mp-5419,Li1 Ga2 Ir1,121.949
mp-11807,Li1 Pt1,113.442
mp-32641,Li1 S1,39.492
mp-755959,Na4 Li4 O4,38.429
mp-976793,Li1 Er2 Ga1,54.254
mp-862673,Li1 Y2 Ru1,70.948
mp-865924,Li1 Zr1 Au2,103.353
mp-861876,Li1 Ac2 Si1,39.953
mp-973841,Li1 Ho2 Al1,51.616
mp-865795,Li1 Sc2 Ru1,87.654
mp-24150,Li1 Nd2 H1 O3,133.492
mp-1205309,Li2 B2,43.817
mp-15796,Li1 Ho1 Se2,40.461
mp-996987,Li2 Cu2 O4,78.449
mp-3635,Li4 B4 O8,62.738
mp-862870,Li1 Tc1 O3,194.213
mp-862619,Li1 Er1 In2,43.83
mp-29633,Li1 Ge1 Pd2,121.813
mp-24148,Li1 La2 H1 O3,125.243
mp-867253,Li1 Zn2 Ir1,116.817
mp-862926,Li1 Pm1 Au2,65.291
mp-632402,Li1 Ca1 U1 F8,44.136
mp-14208,Li3 Y3 Si3,62.422
mp-2894145,Li1 Mg6 Mo1,46.099
mp-13590,Li1 B1 C4 N4,28.204
mp-5159,Li1 Ga2 Pd1,83.371
mp-11947,Li1 Al1 Ag2,71.27
mp-20049,Li2 Fe2 P2,71.576
mp-3660,Li4 B12 O20,83.932
mp-861660,Li1 Nd1 Hg2,48.714
mp-865933,Li1 Si1 Ir2,230.966
mp-15821,Li3 Nd3 Ge3,54.525
mp-23736,Li2 Mg2 H6,40.623
mp-5853,Li2 Si4 N6,158.088
mp-6668,Li4 Ti4 P4 O20,97.252
mp-961703,Na1 Li1 Pt1,28.036
mp-10687,Li1 Cd1 P1,53.16
mp-600561,Li1 Rh1,106.321
mp-862716,Li1 Ag3,66.506
mp-861954,Li1 Ta1 Ru2,190.046
mp-862887,Li1 Sc2 Os1,98.86
mp-976330,Li1 Zr2 Ir1,131.667
mp-6270,Ba2 Li1 Re1 O6,84.792
mp-1009014,Li1 Cu1 O1,97.277
mp-989512,Li1 Tl2 In1 Cl6,22.841
mp-865925,Li1 Zr1 Ir2,164.912
mp-6654,Cs2 Li1 Ga1 F6,23.035
mp-760408,Li2 Zn2 O4,94.162
mp-556562,Li2 As2 H12 O6 F12,16.616
mp-975368,Li1 Ca2 Mg1,20.611
mp-552663,Li1 Sc1 As2 O7,88.172
mp-867210,Li1 Ca2 Hg1,26.023
mp-13396,Li1 In2 Rh1,90.326
mp-1018026,Li2 Ag2,44.019
mp-863675,Li1 Pm2 Ru1,65.347
mp-1029251,Li4 Ru4 N4,104.541
mp-504691,Li2 Mn2 P2,88.94
mp-1001790,Li1 O3,36.573
mp-865444,Li1 Sc2 Pt1,89.908
mp-1017626,Li1 Ca1 F3,79.537
mp-631333,Li1 Pd1 W2,189.875
mp-862775,Li1 In1 Rh2,125.117
mp-753098,Li1 Cu1 F2,57.622
mp-867872,Li1 Cd1 Ag2,58.234
mp-973826,Li1 Ho1 Sn2,46.456
mp-3161,Li1 Al1 Si1,63.069
mp-862610,Li1 Hf1 Ir2,174.685
mp-30763,Li1 Pd2 Pb1,81.931
mp-8132,Li1 Ti3 Se6,23.112
mp-867235,Li1 Y2 Ir1,80.823
mp-569834,Li2 Cu4 Sn2,75.321
mp-644271,Li2 H2 S2,21.446
mp-862717,Li1 Al1 Au2,97.735
mp-754542,Li1 V1 S2,61.175
mp-862928,Li1 Pm1 Tl2,41.737
mp-30209,Li4 B4 H16,15.533
mp-757100,Li1 Co1 S2,69.93
mp-7473,Li1 Cu2 Si1,105.396
mp-559598,Li2 Sc2 F8,86.711
mp-1378,Li2 C2,40.769
mp-12558,Li1 Mg1 As1,46.549
mp-867926,Li1 In1 Pd2,100.631
mp-755552,Li1 Y1 S2,69.089
mp-867812,Li1 Al1 Ni2,117.454
mp-752927,Li2 Ag2 F4,68.307
mp-867803,Li1 Ca2 Cd1,23.718
mp-10584,Ba2 Li1 Os1 O6,82.233
mp-861882,Li1 Ge1 Ir2,206.944
mp-973374,Li2 Mg4,28.486
mp-863727,Li1 Ti1 Rh2,154.975
mp-867805,Li1 Ca2 Ga1,28.548
mp-976596,Li1 Lu2 Ga1,56.068
mp-962066,Na1 Li1 Te1,21.842
mp-14115,Li1 Rh1 O2,114.358
mp-2012,Li1 Hg1,32.253
mp-279,Li1 Ir1,141.786
mp-7936,Li2 Nb2 S4,82.755
mp-864597,Li1 Mg1 Tl2,30.009
mp-7350,Li2 Y4 Si4,67.911
mp-631449,Li1 Ta1 Be1,65.88
mp-867145,Li1 Ho2 Ga1,54.046
mp-9950,Ba1 Li1 Si1,28.242
mp-862730,Li1 Ga1 Rh2,148.873
mp-756784,Li1 Sb1 S2,62.775
mp-977380,Li1 Mg2 Pd1,57.675
mp-867820,Li1 Al1 Pd2,119.104
mp-22460,Li2 In2,32.743
mp-867251,Li1 Zn2 Pt1,104.433
mp-28254,Li2 Ru2 O4,196.978
mp-15820,Li3 Ho3 Ge3,61.118
mp-754516,Li2 Ni2 P2,59.926
mp-861933,Li1 Tm1 Hg2,54.296
mp-1001783,Li1 Sn1 S2,47.326
mp-758052,Li2 Cu2 F6,72.986
mp-976744,Li1 Er2 Tl1,50.836
mp-9124,Li1 Zn1 As1,53.606
mp-867167,Li1 Ca2 Tl1,26.242
mp-30759,Li1 Mg2 Tl1,32.073
mp-862745,Sr2 Li1 Pt1,30.834
mp-867902,Li1 Si1 Rh2,186.513
mp-10485,Ba2 Li2 Sb2,30.026
mp-989536,Cs2 Li1 N1 F6,38.096
mp-863673,Li1 Pm2 Rh1,62.498
mp-13915,Li1 Ni2 Sn1,112.914
mp-867293,Li1 Co2 Si1,171.867
mp-624492,Li1 Fe6 Ge4,127.273
mp-861947,Li1 Pm2 Ga1,41.038
mp-569073,Li3 Sn3,34.696
mp-16343,Li1 In1 Ge1,37.377
mp-865793,Li1 Sc2 Rh1,85.14
mp-9244,Li2 B2 C2,153.134
mp-20754,Li2 Ce2 Sn4,47.381
mp-865029,Li1 Pa1 Ru2,146.833
mp-4226,Li1 Cr1 S2,64.206
mp-10178,Li1 Mg1 P1,55.743
mp-568466,Li1 In1 Sn1,34.609
mp-961645,Li1 Al1 Ge1,48.554
mp-30765,Li1 Pt7,217.916
mp-7149,Na2 Li1 N1,33.247
mp-551092,K2 Li2 Zn2 O4,58.328
mp-37906,Li1 Mg1 N1,98.683
mp-1437,Li2 Cd2,35.162
mp-861936,Li1 Pd3,120.749
mp-777047,Li1 Tm1 O2,93.296
mp-9158,Li1 Cu1 O2,81.11
mp-7543,Li1 V1 S2,64.697
mp-15795,Li1 Dy1 Se2,41.119
mp-11175,Li1 Zn1 P1 S4,31.32
mp-866150,Li1 Sm2 Os1,74.266
mp-1018134,Li3,13.804
mp-8180,Li2 N2 O6,39.77
mp-10250,Ba1 Li1 F3,69.602
mp-865866,Li1 Zr1 Pt2,139.016
mp-3427,Li4 Al4 O8,92.356
mp-861652,Li1 Lu1 Pt2,106.05
mp-758594,Li1 Fe6 P4,175.385
mp-2744,Li1 Pd1,79.812
mp-28835,Li2 Sc2 I6,16.739
mp-861667,Li1 Sb1 Rh2,149.879
mp-864772,Li1 Sc2 Au1,74.156
mp-23818,Ba1 Li1 H3,37.474
mp-2468815,Li2 Co2 S4,80.565
mp-861665,Li1 Tm1 In2,38.577
mp-862316,Li1 Be1 Pt2,165.822
mp-977418,Li1 Mg1 Au2,68.967
mp-973979,Li1 Fe1 Pd2,119.616
mp-864601,Li1 Mg2 Rh1,66.418
mp-861905,Li1 Bi1 Pd2,82.613
mp-4586,Li2 Al2 Te4,27.57
mp-2927,Li1 Ag2 Sn1,59.483
mp-23703,Li1 H1,36.35
mp-774712,Li2 Cu2 S2,53.764
mp-864930,Li1 Ti1 Ir2,190.484
mp-10616,Ba1 Li1 As1,34.083
mp-864598,Li1 Mg2 Ag1,44.769
mp-37879,Li2 Y2 Se4,45.569
mp-864997,Li1 Si1 Pd2,139.601
mp-974950,Rb3 Li1,3.577
mp-34477,Li2 Sm2 S4,50.115
mp-861663,Li1 Rh2 Pb1,125.906
mp-570213,Li1 Mg1 Bi1,31.336
mp-863697,Li1 Pm2 Si1,55.755
mp-976262,Li3 Mg3,25.743
mp-13276,Sr2 Li2 P2,44.645
mp-8864,Li1 Co6 P4,202.474
mp-977218,Li4 Mg2,21.078
mp-27454,Ba2 Li4 Si2,27.21
mp-30818,Li2 Al1 Pt1,84.603
mp-12411,Li2 Zn1 Ge1,48.483
mp-8181,Li2 Ce1 N2,110.495
mp-7924,Li4 Sn10,41.724
mp-30080,Li2 Ge1 Pd1,62.413
mp-2661453,Li2 H2 Pt1,49.367
mp-9912,Li2 Ce1 P2,57.891
mp-861651,Li2 Pd1 Pb1,50.293
mp-4779,Li8 B16 O28,41.92
mp-27705,Li4 Si2,32.884
mp-866179,Li2 Nd1 Tl1,39.457
mp-5012,Li4 Si2 O6,76.805
mp-4002,Li2 Zr1 F6,58.042
mp-30816,Li2 Al1 Pd1,68.314
mp-4556,Li8 S4 O16,45.0
mp-7779,Li2 Nd1 As2,44.285
mp-865666,Li2 Tl1 Ag1,32.933
mp-1185209,Li8 Zn4 Si4,52.049
mp-22961,Li4 Zn2 Cl8,31.855
mp-31441,Li2 Ga1 Ir1,95.635
mp-10525,Na1 Li2 N1,53.888
mp-567389,Li2 Zn1 Ge1,42.925
mp-567347,Li2 Ag1 Sn1,46.665
mp-865874,Li2 Ag1 Hg1,37.398
mp-15988,Li2 Cu1 Sb1,52.716
mp-2170,Li2 Pt1,66.968
mp-30820,Li2 Al1 Rh1,80.792
mp-30758,Li2 Mg1 Pb1,36.254
mp-973343,Li2 Mg1 Hg1,30.915
mp-2987,Li2 Mg1 Tl1,27.001
mp-728,Li2 Pd1,50.698
mp-557142,Li4 S2,38.36
mp-752881,Li2 Cu1 S2,45.823
mp-20484,Li2 Fe1 Cu1 C6 N6,55.127
mp-30591,Li2 Cu1 Sn1,52.666
mp-862934,Li2 Pm1 Tl1,39.836
mp-35841,Li2 Cu1 Ge1,58.787
mp-865871,Li2 Zn1 Au1,46.741
mp-4630,Li4 Ru2 O6,109.493
mp-865737,Li2 In1 Sn1,35.36
mp-570771,Ba1 Li2 Mg2 Si2,39.487
mp-1960,Li2 O1,78.6
mp-31324,Li4 In2,28.365
mp-1025473,Li4 Nd2 Ge2,43.547
mp-866194,Li2 Mg1 Cd1,28.998
mp-28250,Li2 Mn1 Br4,19.113
mp-15901,Li2 La1 Ta2 O7,107.176
mp-1029385,Li2 Sn1 N2,112.952
mp-30406,Li2 Tl1 Au1,45.771
mp-2988,Li2 Ga1 Rh1,81.563
mp-3216,Li2 Zr1 N2,132.436
mp-976114,Li2 Cd1 Hg1,30.724
mp-865965,Li2 Ca1 Si1,40.875
mp-29210,Li4 Ga2,33.134
mp-866196,Li2 Pr1 In1,38.333
mp-11644,Li4 Ca2,16.117
mp-15686,Li4 Cu2 As2,51.282
mp-9610,Li2 C1 N2,49.164
mp-865713,Li2 Tl1 Bi1,30.009
mp-31168,Li2 Al1 Ag1,50.135
mp-756597,Li4 Hf2 O6,95.328
mp-21026,Li2 In1 Pt1,71.969
mp-866176,Li2 Pd1 Au1,68.175
mp-865867,Li2 Y1 Tl1,41.319
mp-30392,Li2 In1 Au1,53.673
mp-865582,Li2 Cd1 Pd1,50.434
mp-1020019,Li4 P2 N2 O4,87.664
mp-20106,Li4 Nd2 Sb4,41.162
mp-3158,Li2 Sb1 Pt1,79.179
mp-866202,Li2 Sn1 Pt1,67.708
mp-1125,Li8 S4,40.216
mp-22446,Li4 Pr2 Sb4,41.299
mp-4117,Li4 Si4 O10,78.037
mp-861184,Li2 W1 S4,4.842
mp-862930,Li2 Pm1 In1,38.084
mp-977207,Li4 Mg2,20.429
mp-556777,Li4 C2 O6,75.034
mp-10180,Li2 Sb1 Pd1,68.437
mp-753195,Li2 W1 S4,6.489
mp-755352,Li4 Hf2 O6,106.444
mp-2724101,Li2 Hf1 O3,124.693
mp-1153,Li2 S1,40.49
mp-36864,Li4 Ti2 O6,122.947
mp-865986,Li2 Ca1 Ge1,37.315
mp-12128,Li2 Mg1 In1,29.856
mp-865935,Li2 Mg1 Sn1,34.883
mp-865863,Li2 Tl1 Pd1,48.609
mp-30344,Li2 In1 Ag1,43.023
mp-865714,Li2 Hg1 Au1,40.536
mp-841,Li4 O4,72.65
mp-29009,Li2 Mg1 Br4,19.912
mp-16271,Li2 Cd1 Sb1,36.538
mp-2931,Li8 Ti4 O12,110.301
mp-865987,Li2 Ag1 Pd1,56.116
mp-3201,Li2 Ga1 Pd1,67.604
mp-865879,Li2 Ag1 Au1,49.503
mp-865731,Li2 Hg1 Pd1,52.245
mp-30349,Li2 Ag1 Pb1,39.481
mp-12580,Li2 Cd1 Sn1,35.899
mp-867171,Sr1 Li2 Sn1,30.554
mp-752843,Li2 Cu1 F4,42.328
mp-983425,Li2 Pm1 Ge1,50.35
mp-756187,Li4 Fe2 S4,29.394
mp-866193,Li2 La1 In1,37.747
mp-976843,Li4 Mg2,20.847
mp-865897,Li2 Ac1 In1,35.03
mp-862948,Li2 Pm1 Pb1,40.01
mp-2356674,Li2 Nb1 F6,58.448
mp-11490,Li2 Zn1 Sn1,37.548
mp-5077,Na1 Li2 Sb1,29.136
mp-884085,Li4 Cu2 S4,21.596
mp-4711,Li2 Cu1 O2,84.8
mp-3054,Li4 C2 O6,53.936
mp-31496,Li4 Sn4 Au2,47.106
mp-644389,Li2 H2 Pd1,42.316
mp-21029,Li2 In1 Pd1,59.663
mp-631316,Li2 Ga1 Sb1,35.3
mp-865964,Li2 Ca1 Sn1,34.099
mp-22980,Li2 Co1 Cl4,8.956
mp-754534,Li2 Ce1 O3,95.497
mp-1001914,Li2 Sn1 Ir1,85.092
mp-7777,Li2 Pr1 P2,49.171
mp-15885,Li4 U2 S6,42.596
mp-12029,Li4 Cu2 P2,58.571
mp-4156,Li4 Zr2 O6,100.625
mp-760539,Li2 Ti3 O6,106.055
mp-30405,Li2 Sn1 Au1,55.812
mp-606604,Cs1 Li2 F3,43.461
mp-570950,Na1 Li2 N1,13.822
mp-30381,Li2 Ga1 Au1,59.891
mp-7603,Li4 Ti2 F12,52.093
mp-2492941,Li4 Nb2 S6,52.707
mp-973325,Li2 Mg1 Ge1,38.78
mp-10686,Li2 Cd1 Ge1,40.135
mp-865932,Li2 Ce1 Pb1,46.894
mp-11304,Li2 Cd1 Pb1,32.005
mp-754238,Li2 Cu1 Bi1 O4,90.724
mp-1018009,Li2 Mg1 Si1,44.934
mp-7608,Li2 Pd1 O2,91.447
mp-975997,Na1 Li2 Pb1,22.028
mp-755894,Li8 O4,71.014
mp-570528,Li2 Ga1 Ir1,87.044
mp-1545896,Li12 Sb6,33.938
mp-866181,Li2 Nd1 In1,40.663
mp-1014462,Li2 Y1 Al1,25.838
mp-865067,Li2 Eu1 Ge1,34.651
mp-2935,Li2 Ge1 Au1,61.01
mp-22967,Li2 Fe1 Br4,25.291
mp-31442,Li2 In1 Rh1,70.882
mp-30403,Li2 Pb1 Au1,44.376
mp-30404,Li2 Sb1 Au1,54.242
mp-1029776,Li8 Ge4 N8,83.069
mp-5446,Li2 Pr1 O3,73.939
mp-975578,Li2 Sn1 Hg1,36.577
mp-16238,Li2 Ag1 Sb1,46.551
mp-975608,Li2 Tl1 Pt1,56.12
mp-3726,Li2 Ga1 Pt1,82.351
mp-976333,Li2 Ac1 Tl1,33.082
mp-570466,Li8 Ca4,16.063
mp-19896,Li2 Ge1 Pb1 S4,41.491
mp-865577,Li2 Cd1 Au1,44.869
mp-866178,Li2 Nd1 Al1,42.611
mp-570998,Na1 Li2 N1,41.942
mp-16341,Li2 Hg1 Ge1,41.262
mp-569396,Ba1 Li2 Mg2 Ge2,36.665
mp-754213,Li2 Zr1 Cu1 O4,114.265
mp-2286,Li2 Se1,33.677
mp-976982,Li4 Mg2,21.725
mp-760483,Li4 Pd2 O6,103.12
mp-975609,Li2 Tl1 Pb1,29.094
mp-31443,Li2 In1 Ir1,82.523
mp-19970,Li12 Cu4 O12,81.806
mp-545467,Li3 Cu2 O4,56.183
mp-975882,Li3 Cu1,31.489
mp-975794,Li3 Be1,26.474
mp-752426,Li6 Sb2 S8,38.534
mp-36086,Li3 Nb1 O4,104.609
mp-976256,Li3 Mg1,18.913
mp-976321,Li3 Pr1,20.736
mp-2341,Li6 N2,65.179
mp-975904,Li3 Cd1,22.645
mp-977239,Li3 Th1,26.408
mp-28336,Li12 P28,24.186
mp-976075,Li3 Ca1,14.299
mp-977230,Li3 Tc1,37.523
mp-867342,Li3 Ge1,32.98
mp-551675,Li3 U1 O4,94.691
mp-976334,Li3 Tc1,34.091
mp-976263,Li3 Nb1,31.347
mp-753982,Li3 Cr1 S4,11.688
mp-757,Li6 As2,34.809
mp-9568,Li3 Ga2,38.44
mp-25317,Li3 Cu2 O4,69.336
mp-13725,Li6 P2 O8,70.982
mp-976139,Li3 Mg1,19.333
mp-976254,Li3 Mg1,18.827
mp-1018780,Li3 Sm1 Bi2,38.262
mp-976017,Li3 Co1,-83.57
mp-755309,Li3 Nb1 S4,11.108
mp-975868,Li3 Al1,26.875
mp-985583,Li12 P4 S16,22.427
mp-35417,Li3 Ta1 O4,103.312
mp-977165,Li6 Co2,39.728
mp-11247,Li3 Au1,33.973
mp-753081,Li3 Cu4 O4,61.32
mp-2074,Li3 Sb1,32.535
mp-861228,Li6 Cu2 S4,38.568
mp-16506,Li3 Al2,38.92
mp-736,Li6 P2,39.519
mp-1029562,Li24 In8 N16,85.511
mp-973316,Na2 Li6,11.571
mp-760415,Li3 Sb1 S4,28.938
mp-8407,Li3 La1 P2,56.817
mp-760375,Li3 V1 S4,13.233
mp-867226,Li3 In1,24.555
mp-13944,Li24 Al8 N16,102.784
mp-976264,Li3 Nd1,20.824
mp-867227,Li3 Pt1,46.404
mp-985585,Li3 Cl1 O1,51.628
mp-1646,Li3 Hg1,25.438
mp-28593,Li3 Br1 O1,48.727
mp-977126,Li6 Ag2,26.62
mp-867343,Li3 Cd1,22.509
mp-16828,Li6 B14 O24,64.468
mp-983152,Li6 Re2,-18.964
mp-976055,Li3 In1,24.671
mp-1029592,Li24 Y8 N16,80.904
mp-15254,Li18 Al6 F36,47.682
mp-1018770,Li3 Pr1 Bi2,37.325
mp-976047,Li3 Hg1,25.641
mp-30760,Li3 Pb1,25.566
mp-2251,Li3 N1,51.984
mp-977286,Li3 Sm1,21.078
mp-7955,Li6 Sb2,28.627
mp-850275,Li3 Sb1 S4,9.928
mp-1018764,Li3 Ho1 Sb2,44.465
mp-976412,Li3 Zn1,23.55
mp-976407,Li3 Ac1,16.677
mp-976023,Li3 Ga1,23.233
mp-976408,Li3 Ag1,25.865
mp-27275,Li12 B4 O12,72.847
mp-7396,Li3 Tl1,23.258
mp-976010,Li3 Cr1,22.421
mp-976414,Li3 Zn1,23.562
mp-542435,Li24 Sc8 N16,92.251
mp-23222,Li3 Bi1,28.2
mp-3887,Li24 Ga8 N16,98.991
mp-11489,Li3 Pd1,36.429
mp-15999,Li6 Au2 S4,40.186
mp-976060,Li3 C1,54.763
mp-9172,Li8 Ti2 O8,79.937
mp-7714,Li4 U1 O5,85.449
mp-755298,Li4 Nb1 O4,73.687
mp-861182,Li4 Ti1 S4,24.697
mp-570097,Sr1 Li4 P2,42.562
mp-15845,Sr2 Li8 N4,52.666
mp-865604,Li5 Mg1,17.412
mp-685991,Li10 Si2 P6,35.658
mp-29364,Li5 Sb1 O5,94.256
mp-3838,Li10 Re2 N8,71.86
mp-12283,Li5 Tl2,24.305
mp-685194,Li8 Ti10 O24,108.701
mp-29149,Li4 N1 Cl1,40.286
mp-11737,Li8 Si2 O8,78.989
mp-759877,Li4 Cu1 F7,53.165
mp-29151,Li5 N1 Cl2,38.043
mp-7080,Li5 Ni3 N3,77.127
mp-29025,Li5 Br2 N1,26.516
mp-755013,Li5 Ta1 O5,101.668
mp-981935,Li5 Mg1,17.319
mp-30766,Li5 Sn2,29.691
mp-768197,Li5 Sb1 S4,38.444
mp-767409,Li5 Sb1 S1,34.76
mp-15960,Li40 Al8 O32,80.916
mp-1029448,Li10 Os2 N8,70.247
mp-770649,Li5 Nb1 O5,99.64
mp-1029826,Li12 Os2 N8,84.062
mp-950995,Li12 P2 S10 I2,26.78
mp-867701,Li6 Cu1 S4,33.107
mp-8804,Li12 Mo2 N8,83.422
mp-756490,Li12 Mn2 S8,42.149
mp-3503,Li12 W2 N8,84.394
mp-767525,Li6 Sb1 S2,34.924
mp-1029739,Li12 Fe2 N8,76.66
mp-1029498,Li12 Cr2 N8,84.311
mp-985591,Li6 P1 S5 Br1,27.629
mp-985592,Li6 P1 S5 Cl1,27.54
mp-1029726,Li12 Ir2 N8,83.44
mp-28592,Li7 Br3 O2,37.683
mp-30768,Li14 Sn6,30.336
mp-14753,Li56 Ta8 N32,82.815
mp-1029522,Li56 Sb8 N32,75.104
mp-30767,Li14 Sn4,27.747
mp-14827,Li56 Nb8 N32,81.654
mp-2468835,Li7 B18 O1,129.576
mp-4604,Li56 V8 N32,82.448
mp-27930,Li28 Si8,32.647
mp-28549,Li16 Si2 O12,77.448
mp-755225,Li8 Zr1 O6,93.569
mp-568404,Li9 Al4,31.163
mp-2362521,Li18 Ge8,33.833
mp-30769,Li13 Sn5,29.762
mp-672287,Li26 Si8,32.333
mp-510430,Li26 In6,22.544
mp-1020011,Li14 P2 N6 O3,83.023
mp-567395,Li30 Au8,28.91
mp-569849,Li30 Si8,29.691
mp-1777,Li30 Ge8,28.204
mp-865112,Na1 Pr1 Tl2,35.668
mp-866298,Ba2 Na2 Sc2 Si4 O14,88.541
mp-754326,Na1 Ag1 O2,58.425
mp-29356,Na4 Ti8 O16,143.935
mp-10474,Na1 P1 F6,23.499
mp-865118,Na1 Pr1 Au2,56.68
mp-22152,Na2 Fe2 As2,48.294
mp-571467,Cs2 Na1 Y1 Br6,15.187
mp-15318,Rb2 Na1 Ho1 F6,34.367
mp-865117,Na1 Er1 Tl2,37.926
mp-752947,Na1 Ti1 S2,53.161
mp-454,Na1 Ga4,39.224
mp-5558,Na2 Re2 O8,21.527
mp-4276,Na2 Si4 Pd6,105.869
mp-754375,Na1 Ti2 O3,141.836
mp-31235,Ba3 Na3 Bi3,23.376
mp-4170,Na1 Ta1 O3,201.078
mp-865110,Na1 Mg1 Tl2,24.965
mp-977181,Na1 Mo3,165.314
mp-675798,Na2 Ho2 F8,71.34
mp-4419,Na2 Nb2 O6,130.639
mp-4514,Na2 Nb2 O6,100.75
mp-989545,Rb2 Na1 Sb1 Cl6,18.041
mp-14433,Na2 Ge4 N6,134.959
mp-10525,Na1 Li2 N1,53.888
mp-865126,Na1 Tl1 Pd2,74.545
mp-27837,Na1 H1 F2,32.742
mp-973166,Na2 Cd6,27.528
mp-20227,Na2 Mn2 P2,47.234
mp-1002069,Na1 Li1 I1 Cl1,20.106
mp-504600,Na4 H16 Cl4 O8,19.203
mp-999126,Na1 Tb1 S2,44.885
mp-11466,Na1 Hg2,18.769
mp-7748,Na1 Al1 O2,133.356
mp-30053,Na2 C2 N2,18.145
mp-977176,Na1 Tc1 O3,190.453
mp-6686,K2 Na1 In1 F6,39.509
mp-13097,Na2 Zn2 As2,36.358
mp-4681,Na4 Nb4 O12,92.741
mp-7937,Na2 Nb2 S4,76.388
mp-3136,Na1 Nb1 O3,176.561
mp-13797,K2 Na1 Cu1 F6,42.815
mp-20343,Na2 Au2 O4,40.105
mp-865051,Na1 Ca2 Tl1,22.925
mp-862943,Na1 Pm1 Hg2,43.007
mp-999274,Rb1 Na1 H2,14.995
mp-23054,Na2 Bi2 O6,57.489
mp-7723,Na1 Al1 F4,61.231
mp-976856,Na1 Mg3,24.546
mp-22924,Na1 Bi1,29.484
mp-975994,Na1 La3,21.316
mp-631317,Na1 Ir1 Pb1,49.954
mp-6633,Na4 C4 S4 N4,18.759
mp-5475,Na1 Ta1 N2,136.044
mp-7017,Na1 Nb1 N2,129.459
mp-976181,Na1 B1 H4,19.495
mp-865077,Na1 Cd3,28.313
mp-4531,Na2 N2 O6,26.795
mp-977110,Na1 Sn1 Pd2,80.165
mp-23729,Na1 Be1 H3,59.369
mp-10225,Na1 V1 S2,57.655
mp-974558,Na1,7.76
mp-1002081,K1 Na1 I1 Cl1,14.528
mp-976150,Na1 Al3,48.882
mp-7942,Na1 Ti1 S2,50.05
mp-546500,Na1 C1 N1 O1,27.617
mp-38725,Na2 B2 H8,19.433
mp-6204,Cs2 Na1 Sc1 F6,34.148
mp-578601,Na1 Nb1 O2,133.066
mp-865115,Na1 Nd1 Hg2,42.221
mp-31086,Na4 P20,35.625
mp-999455,Na1 Sm1 S2,43.099
mp-982381,Na1 Cu3,67.875
mp-754777,Na1 La1 O2,63.943
mp-22212,Na4 Sb4 O12,128.735
mp-754825,Na1 Tm1 O2,89.39
mp-976870,Na1 Ni3,96.01
mp-2955,Na4 Mg4 F12,69.146
mp-634657,Na2 H2 S2,21.406
mp-865081,Na1 Ac1 Te2,40.126
mp-22003,Na1 N3,25.56
mp-676586,Na1 V2 S4,43.286
mp-865108,Na1 Sm1 Hg2,43.362
mp-9264,Na2 Te2 Au2,31.246
mp-989541,Rb2 Na1 Sb1 F6,33.711
mp-755586,Na2 La2 O4,82.441
mp-865076,Na1 Cd2 Pt1,69.41
mp-977140,Na1 Ta3,132.843
mp-570998,Na1 Li2 N1,41.942
mp-39681,Na1 Ti2 Bi1 O6,103.839
mp-999127,Na1 Tb1 Se2,37.348
mp-22862,Na1 Cl1,23.77
mp-555576,K2 Na2 S4 O14,23.283
mp-20612,Na2 Mn2 As2,23.526
mp-2720358,Na4 Cl4 O12,25.827
mp-999460,Na1 Sc1 S2,51.116
mp-10172,Na2,7.777
mp-23268,Na1 I1,15.1
mp-976923,Na1 Re1 O3,211.053
mp-962060,Na1 Y1 Si1,38.721
mp-755378,Na1 Pd1 O2,86.526
mp-865109,Na1 Sm1 Tl2,36.766
mp-1021431,Cs1 Na1 I1 Cl1,11.698
mp-999450,Na1 Sm1 Se2,35.686
mp-866128,Na1 Tm1 Tl2,37.535
mp-570538,Na1 N3,23.382
mp-1029316,Na2 Zr1 N2,39.38
mp-1974948,Na6 O3,46.967
mp-1266,Na2 Se1,23.909
mp-7725,Na2 U1 O4,70.652
mp-1025360,Na2 Ti2 As2 O1,59.913
mp-4366,Na2 Pt1 C2,54.301
mp-4533,Na4 Si2 O6,61.337
mp-20389,Na2 Cd1 Pb1,23.527
mp-648,Na2 S1,28.189
mp-690785,Na2 H6 Pt1,22.335
mp-862949,Na1 Pm1 Tl2,36.356
mp-13816,Cs2 Na1 Er1 F6,31.129
mp-560767,K2 Na2 Ti2 O6,58.009
mp-2408760,Na2 Cu4 O6,93.317
mp-976943,Na1 Re3,236.918
mp-8830,Na1 Rh1 O2,109.969
mp-9076,Na1 Tm1 S2,47.536
mp-3405,Na2 Al22 O34,152.126
mp-989644,Cs2 Na1 Ca1 Cl6,16.182
mp-862942,Na1 Pm1 Au2,59.173
mp-973174,Na1 Ag3,52.516
mp-23704,Na2 Al2 H8,19.606
mp-976261,Na1 Ca2 In1,24.704
mp-754027,Na2 Sm2 O4,91.596
mp-999470,Na1 Nd1 S2,41.505
mp-409,Na6 S6,26.857
mp-13798,K2 Na1 Tl1 F6,37.066
mp-560399,Na1 Mg1 F3,71.171
mp-756034,Na1 Sm1 O2,74.437
mp-23850,Na4 H8 N4,13.017
mp-23684,Na2 H2 C2 O4,25.163
mp-10224,Na1 V1 S2,59.208
mp-28614,Na2 B2 Pt6,154.883
mp-10422,Na1 Au1 C2,47.935
mp-255,Na4 Hg4,17.221
mp-4748,Na4 Nb4 O12,124.843
mp-989578,Rb2 Na1 In1 F6,38.727
mp-961699,Na1 Mg1 P1,37.881
mp-13925,Cs2 Na1 Y1 F6,32.42
mp-682,Na1 F1,46.136
mp-7090,Na2 Mg2 Sb2,26.982
mp-5175,Na1 In1 O2,90.689
mp-865100,Na1 In1 Hg2,25.727
mp-999474,Na1 Ho1 Se2,37.932
mp-4699,Na4 Ta4 O12,127.767
mp-1052,Na2 Au4,71.011
mp-8452,Na2 Li2 S2,35.529
mp-961774,Ba1 Na1 Sb1,24.711
mp-976076,Na1 Ac2 Sn1,33.683
mp-974883,Rb3 Na1,3.363
mp-3889,Na6 B6 O12,45.442
mp-3567,Na1 V1 Se2,46.152
mp-962064,Na1 Y1 Sn1,31.152
mp-981933,Na1 Pd2 Pb1,72.915
mp-23339,Na4 Br4 O12,27.038
mp-7939,Na2 Nb2 Se4,61.06
mp-7400,Na2 Al2 Ge2,39.291
mp-961685,Na1 Ca1 As1,33.378
mp-976220,Na1 Cd1 Hg2,24.122
mp-568428,K1 Na1 B2 H8,16.079
mp-14039,K2 Na1 Rh1 F6,43.639
mp-973352,Na2 Co6,29.646
mp-1029357,Na2 Zn2 N2,63.702
mp-5962,Na2 Mg2 As2,33.163
mp-6973,Cs2 Na2 S2,20.614
mp-976768,Na1 Mg3,27.664
mp-29069,Na1 Cu4 S4,58.012
mp-976133,Na1 As1 O3,126.053
mp-3744,Na2 Nb2 O4,146.768
mp-38103,Na1 Cl1 O4,20.812
mp-976863,Na1 Tm3,33.868
mp-976775,Na1 Mg1 O3,67.537
mp-950,Na2 Zn26,64.356
mp-978278,Na4 B24 H24,11.036
mp-989527,Cs2 Na1 N1 F6,35.858
mp-5693,Na1 Cr1 S2,60.393
mp-23918,Na2 Ga2 H8,13.991
mp-754718,Na2 Cu2 O4,59.984
mp-865098,Na1 La1 Au2,55.109
mp-30352,Na2 Ag4,47.598
mp-34240,Na1 Zn1 As1,42.014
mp-7914,Na1 Sc1 O2,100.745
mp-22483,Na2 In2 Te4,19.763
mp-975990,Na1 Li1 O3,49.933
mp-27335,Na2 Al2 Si2,40.723
mp-865107,Na1 Mg1 Pb2,15.404
mp-8754,Na4 Li4 Te4,24.832
mp-755581,Na1 Ce1 O2,64.896
mp-1008866,Na1 Ag1 O1,59.264
mp-4541,Na1 Cu1 O2,58.273
mp-1029407,Na2 Cr2 N4,87.392
mp-989514,Cs2 Na1 Sb1 Cl6,17.435
mp-3521,Na2 B2 F8,28.014
mp-10166,Na2 Al2 Se4,28.308
mp-13799,K2 Na1 Y1 F6,36.926
mp-989563,Rb2 Na1 Tl1 Cl6,17.958
mp-865119,Na1 Pr1 Hg2,41.671
mp-976968,Na1 Pd1 O3,104.533
mp-1007637,K1 Na1 H2,17.067
mp-20555,Na1 Pb3,32.491
mp-1029711,Na4 V4 N8,46.808
mp-570950,Na1 Li2 N1,13.822
mp-982370,Na4,7.773
mp-5339,Cs2 Na2 Te2,14.558
mp-865090,Na1 Ac1 Tl2,31.125
mp-23870,Na1 H1,23.295
mp-9069,K4 Na2 Al2 As4,22.098
mp-3671,Na8 Nb8 O24,101.993
mp-7440,Na8 P8,29.048
mp-977123,Na1 Ti1 O3,138.443
mp-27682,Na1 Sn1 S2,39.706
mp-9035,Na1 Lu1 S2,48.095
mp-977182,Na1 Nb3,116.717
mp-7002,Na1 Ti1 O2,104.141
mp-976319,Na1 Ho3,31.547
mp-5788,Na4 U4 O12,83.733
mp-975997,Na1 Li2 Pb1,22.028
mp-9573,Na2 Be2 As2,44.531
mp-976405,Na1 Er3,33.418
mp-754850,Na1 Ti1 S2,52.215
mp-5414,Na2 Sb2 S4,23.333
mp-8973,Na2 Si4 N6,186.672
mp-867147,Ba1 Na1 Hg2,20.768
mp-989608,Cs2 Na1 As1 Cl6,18.551
mp-3795,Na4 Zn4 F12,68.824
mp-6586,K2 Na1 Al1 F6,45.766
mp-989642,Cs2 Na1 Al1 H6,23.548
mp-865097,Na1 Hg1 Pd2,80.025
mp-989561,Na1 Tl2 Ga1 F6,42.375
mp-1009220,Na1 H1,23.963
mp-962066,Na1 Li1 Te1,21.842
mp-977138,Na1 Tc3,186.78
mp-560037,Rb2 Na1 Bi1 F6,32.377
mp-976185,Na1 Be1 O3,109.135
mp-962067,Ba1 Na1 Sn1,18.381
mp-675531,Na2 Bi2 S4,27.308
mp-127,Na1,7.808
mp-7433,Na2 Cu2 Se2,47.267
mp-11180,Na2 C2,28.546
mp-8799,Rb2 Na2 S2,22.388
mp-13459,Na4 Cd4 Sb4,32.293
mp-976289,Na1 Cd2 Au1,49.057
mp-865145,Na1 Tl2 Bi1,27.25
mp-1009223,Na1 As1,42.172
mp-14038,Rb2 Na1 Rh1 F6,40.086
mp-974866,Rb3 Na1,3.34
mp-8868,Ba6 Na2 N2,1.319
mp-13815,Rb2 Na1 Er1 F6,34.753
mp-4824,Na2 Zn2 P2,42.42
mp-1022488,Na1 Mg6 Zr1,35.637
mp-754631,Na1 Cu2 O3,69.185
mp-977117,Na1 Te1 O3,137.484
mp-865111,Na1 Sm1 Au2,59.904
mp-865127,Na1 Tl2 Cd1,23.718
mp-865082,Na1 Ca1 Au2,41.303
mp-972941,Na2 Bi6,32.912
mp-989548,Rb2 Na1 Tl1 F6,34.898
mp-15668,Na4 Se4,21.931
mp-2725306,Na1 Cu3 O4,45.84
mp-973316,Na2 Li6,11.571
mp-643273,Na1 H2 Pd3,108.766
mp-755144,Na2 Li2 O2,55.978
mp-8470,Na2 Pr2 O4,84.293
mp-7240,Na1 Ru1 O2,94.522
mp-977128,Na1 Ru3,172.715
mp-865113,Na1 Nd1 Au2,57.865
mp-578606,Na1 Cu1 O2,111.932
mp-862945,Na1 Pm1 Te2,44.621
mp-755959,Na4 Li4 O4,38.429
mp-976971,Na1 Pd3,97.437
mp-22851,Na1 Cl1,25.834
mp-865120,Na1 Pa1 O3,132.432
mp-631337,Na1 Ta1 Ni1,70.07
mp-9068,K4 Na2 Al2 P4,24.93
mp-758835,Na1 Cu6 O8,127.638
mp-2964,Na1 N1 O2,23.903
mp-22464,Na1 O3,23.841
mp-9574,Na2 Be2 Sb2,34.453
mp-4247,Na2 Zn2 Sb2,31.291
mp-1029466,Na4 Ni4 N4,60.312
mp-7469,Na4 Cu4 O4,47.66
mp-27176,Na2 Mn2 Cl6,27.676
mp-999490,Na1 Dy1 S2,45.768
mp-1009221,Na1 N1,34.757
mp-989523,Rb2 Na1 As1 F6,36.315
mp-1029313,Na2 Ru2 N2,94.744
mp-6058,K2 Na1 Sc1 F6,41.223
mp-989533,Na1 Tl2 In1 F6,39.944
mp-961703,Na1 Li1 Pt1,28.036
mp-22916,Na1 Br1,19.491
mp-754567,Na1 Cd1 O2,69.553
mp-29529,Na2 Sn2 P2,29.913
mp-5077,Na1 Li2 Sb1,29.136
mp-865096,Na1 Ho1 Tl2,38.106
mp-976292,Na1 Cu1,33.222
mp-952566,Na2 Sn2 Sb2,22.663
mp-989568,Cs2 Na1 Mg1 F6,31.063
mp-7434,Na2 Cu2 Te2,31.971
mp-561536,Na2 Mg2 B2 O6,97.556
mp-997041,Na2 Cu2 O4,48.702
mp-34081,Na2 Y2 F8,68.677
mp-976236,Na1 Ca1 Tl2,24.373
mp-990084,Na2 Cl1,13.51
mp-697096,Na2 H4 Pt1,22.706
mp-863707,K1 Na2 Bi1,16.554
mp-15685,Na4 Cu2 As2,31.898
mp-28810,Na4 C2 S6,16.312
mp-865500,Na2 Hf2 O5,102.218
mp-865625,Na4 Mg2 Sn2,22.948
mp-5784,Na4 Ge2 O6,53.912
mp-13520,Na4 Zn2 Ge2,23.139
mp-2352,Na2 O1,45.868
mp-22313,Na2 Pt1 O2,73.912
mp-850251,Na2 Ti9 O19,125.464
mp-15724,K1 Na2 Sb1,18.878
mp-1018810,Na4 Cl2,14.689
mp-9719,Na8 Li4 Al4 P8,40.227
mp-761872,Na4 Sn4 O6,30.323
mp-541989,Na2 C1 N2,39.851
mp-631339,Na2 Li1 Ta1,17.782
mp-546142,Na2 U1 O4,42.279
mp-20495,Na4 C2 O6,43.912
mp-1024067,Na8 Zn4 S8,30.666
mp-989504,Na2 Li1 N1 F6,59.139
mp-2784,Na2 Te1,19.229
mp-755974,Na2 Cu1 O2,67.632
mp-4961,Na2 Hg1 O2,42.323
mp-866132,Na2 Tl1 Sb1,24.55
mp-2340,Na6 O6,49.866
mp-864898,Na2 Tl1 Bi1,22.587
mp-1029309,Na2 Hf1 N2,33.135
mp-973056,Na2 Cd1 Hg1,17.144
mp-631554,Na2 Ti1 Au1,37.563
mp-1029605,Na8 Mn4 N8,44.14
mp-556125,Na8 B4 H4 O12,47.14
mp-11820,Ba4 Na8,8.587
mp-556536,Na2 Zr1 Cu2 S4,49.275
mp-975275,Rb1 Na2 Sb1,17.884
mp-643260,Na2 H4 Pd1,20.548
mp-8871,Cs2 Na4 B2 O6,47.016
mp-23954,Na2 H2 Pd1,28.047
mp-3488,Na4 Ti6 O14,97.103
mp-7639,Na4 Cu2 P2,34.554
mp-7219,Na4 Zr2 Se6,34.893
mp-15113,Na4 Si6 O14,101.485
mp-2831941,Na2 Cd1 Sn1 S4,30.022
mp-27562,Na2 Pd3 O4,94.869
mp-7149,Na2 Li1 N1,33.247
mp-4823,Na2 Pd1 C2,47.04
mp-1136,Na6 As2,22.238
mp-3416,Na6 Al2 F12,50.993
mp-754483,Na3 Cu2 O4,33.577
mp-977403,Na3 Tl1,12.052
mp-675104,Na3 Y1 Cl6,20.048
mp-864742,Na3 Sn1,17.492
mp-977062,Na3 Ca1,9.908
mp-10167,Na3 Sb1 S4,21.399
mp-977189,Na3 Bi1,19.11
mp-27478,Na3 Pa1 F8,42.892
mp-8543,Na6 Al2 As4,23.337
mp-754352,Na6 Cu2 O4,50.896
mp-1006112,Na3 Co1,16.754
mp-977200,Na3 C1,22.193
mp-27321,Na6 Cu8 S8,41.123
mp-28602,Na3 Cl1 O1,32.992
mp-864765,Na3 Hf1 F8,43.786
mp-676512,Na3 Al1 F6,47.494
mp-34579,Na3 Hf1 F7,39.246
mp-999496,Na3 N1,27.127
mp-982773,Na3 Tl1,11.861
mp-985584,Na3 P1 S4,22.647
mp-27838,Na6 Bi2,17.175
mp-11738,Na6 P2 S6 O2,25.786
mp-983509,Na6 Cd2,11.971
mp-7956,Na6 Sb2,19.462
mp-29551,Na3 Hg1,12.299
mp-6328,Na2 Ti2 Sb2 O1,52.503
mp-1019551,Ba1 Na2 Mg1 P2 O8,82.728
mp-990440,Na8 Zr4 O12,80.895
mp-4770,Na4 S2 O8,42.716
mp-985586,Na3 Br1 O1,31.663
mp-473,Na12 P44,13.739
mp-2774343,Na3 Be1,14.383
mp-558432,Na24 P8 S16 O16,27.644
mp-2639,Na3 N1,21.088
mp-999495,Na3 N1,29.531
mp-779545,Na6 Cu2 O4,43.258
mp-542136,Na6 P2 S2 O6,38.66
mp-974270,Na3 Al1,14.872
mp-28630,Na12 B4 N8,46.765
mp-8703,Na3 Sb1 Se4,19.392
mp-8860,Na3 As1,24.248
mp-864758,Na3 In1,13.554
mp-982595,Na3 Re1,18.675
mp-982637,Na3 Mg1,11.333
mp-5122,Na6 Al2 P4,28.353
mp-864745,Na3 Zr1 F8,41.055
mp-28782,Na6 P2 S8,22.958
mp-1186018,Na3 Au1,18.941
mp-1029595,Na12 Os4 N8,41.387
mp-982981,Na6 Rh2,20.449
mp-982873,Na3 Tl1,11.581
mp-1598,Na6 P2,24.781
mp-3527,Na6 Ag2 O4,50.007
mp-27579,Na16 P8 O28,45.175
mp-22937,Na4 I2 O1,20.124
mp-28591,Na4 Hg1 P2,23.476
mp-542090,Na8 Al6 Si6 O24,24.097
mp-551886,Na4 C1 O4,32.124
mp-8752,Na4 Cd1 P2,23.586
mp-555678,Na4 Ti5 O12,133.543
mp-28698,Na4 Ir1 O4,41.96
mp-760492,Na4 Pt1 O4,54.146
mp-28599,Na4 Br2 O1,25.283
mp-568866,Na6 Zn1 Sn2,16.146
mp-778364,Na12 Ti4 O14,46.367
mp-3138,Na16 Sn2 Sb8,18.677
mp-28017,Na16 Ti10 O28,74.063
mp-8253,Na5 Re1 O6,56.295
mp-20067,Na5 Os1 O6,55.843
mp-29308,Na5 Co2 S5,33.706
mp-5929,Na20 Si4 P12,30.046
mp-1029574,Na10 Os2 N8,39.663
mp-760400,Na5 Bi1 O5,58.661
mp-11147,Na5 Cu1 S1 O2,35.442
mp-1029542,Na12 Mo2 N8,54.672
mp-8389,Na12 Zn2 S8,31.23
mp-1029656,Na12 W2 N8,53.691
mp-2861134,K1 Mg6 Zr1,29.002
mp-6178,Cs2 K1 Ti1 F6,41.268
mp-962072,K1 Y1 Sn1,26.23
mp-3982,K2 Cu2 O4,34.178
mp-961648,K1 Ba1 P1,25.882
mp-1029347,K2 Pt2 N2,66.018
mp-7438,K2 Zn2 Sb2,24.441
mp-546633,K1 Cl1 O4,15.769
mp-1021327,K1 Li1 I1 Cl1,15.287
mp-7077,K2 Au2 S2,13.02
mp-1029404,K2 Ge4 N6,135.298
mp-23959,K2 P2 H4 O8,24.639
mp-35035,K1 C1 N1,15.286
mp-7938,K2 Nb2 S4,69.488
mp-3827,K2 Fe2 S4,16.879
mp-6179,K2 Li2 S2 O8,36.141
mp-974061,K1 Si1 O3,178.452
mp-21847,K2 Mn2 As2,9.764
mp-5347,K1 Al1 F4,58.079
mp-8608,K1 Cu4 As2,51.763
mp-10102,K1 Ag1 C2,29.114
mp-1184755,K2,3.576
mp-16293,K4 Sb4 O12,112.518
mp-4495,K2 Li2 Te2,19.903
mp-1018031,K1 In1 O2,86.691
mp-30533,K2 Pt4 S6,31.59
mp-863707,K1 Na2 Bi1,16.554
mp-568747,K1 Ni2 Se2,36.261
mp-604318,K4,3.566
mp-4233,K2 Mn2 Sb2,22.579
mp-631473,K1 Ti2 Bi1,53.236
mp-976271,K1 Ti2 F7,83.985
mp-7621,K2 Tc2 O8,17.135
mp-6968,Cs2 K1 Cu1 F6,34.359
mp-973471,K1 Re1 O3,201.94
mp-974827,K1 Pr3,21.468
mp-24428,K2 H4 N2,19.158
mp-10175,K1 Cd1 F3,55.986
mp-1002081,K1 Na1 I1 Cl1,14.528
mp-7375,K1 Nb1 O3,103.322
mp-34857,K1 N1 O2,14.294
mp-6867,K1 Ca1 C1 O3 F1,51.664
mp-696752,K2 P2 H4 O8,26.171
mp-560767,K2 Na2 Ti2 O6,58.009
mp-463,K1 F1,29.839
mp-1866,K1 O2,24.246
mp-8175,K1 Tl1 O2,71.739
mp-669347,K2 Cu2 F6,83.598
mp-40143,Cs2 K1 Zr1 O1 F5,29.868
mp-10157,K1,3.578
mp-768864,K2 Nd2 O4,69.273
mp-643989,K2 H2 C2 O4,18.439
mp-5158,K4 N4 O12,17.312
mp-23289,K1 Cl1,18.701
mp-7437,K2 Zn2 P2,36.508
mp-4608,K1 P1 F6,23.365
mp-24084,K1 H1,13.704
mp-754158,K1 Nd1 O2,69.683
mp-631254,K1 Mn1 Ru1,37.715
mp-773137,K2 Ca2 Bi2,16.088
mp-16236,K2 Ag2 Se2,27.612
mp-571263,K1 In9 Co2,48.749
mp-23526,K4 Cl4 O16,16.231
mp-982040,K1 Bi1 O3,86.685
mp-631322,K1 Sn1 Os1,58.658
mp-558518,K1 Ni2 S2,30.804
mp-567657,K1 Cu2 Se2,29.409
mp-973396,K1 Be1 O3,92.168
mp-22898,K1 I1,10.558
mp-4126,K1 U1 O3,134.466
mp-631296,K1 Hf1 Ni1,34.014
mp-1021848,K1 Mg6 V1,27.035
mp-4668,K1 Co2 Se2,50.314
mp-4519,K1 Pr1 O2,67.63
mp-8267,K2 P2 S6,10.254
mp-23251,K1 Br1,13.432
mp-9349,K1 Rb2 Sc1 F6,33.983
mp-10417,K2 Sb2 O4,23.533
mp-28270,K4 Cu4 S4,16.721
mp-631345,K1 Zr2 Nb1,66.328
mp-631318,K1 Si1 Tc2,126.524
mp-982885,K1 Ca1 O3,40.526
mp-634431,K4 H4 C4 O12,23.521
mp-631274,K1 Fe1 P1,95.326
mp-634676,K2 H2 S2,14.213
mp-19851,K2 In2 Te4,14.982
mp-631536,K1 B1 Ir2,136.47
mp-1019089,K2 Mg2 As2,27.165
mp-12015,K1 Ag2 As1 O4,55.676
mp-1017580,K1 Mg1 H3,20.908
mp-989580,Cs2 K1 N1 F6,34.612
mp-29374,K4 Ga4 Sb16,21.147
mp-3614,K1 Ta1 O3,188.716
mp-982195,K1 Nd3,22.351
mp-30717,K2 Hg4,11.826
mp-2464440,K1 Ag1 Cl3,31.855
mp-6074,K1 Rb2 Ti1 F6,34.699
mp-973267,K1 Tc1 O3,180.938
mp-631314,K1 Ta1 Pt1,75.145
mp-7622,K2 S2 O8,21.988
mp-12079,K1 Co2 S2,57.052
mp-1007637,K1 Na1 H2,17.067
mp-31368,K2 Cl2 O4,17.963
mp-973250,K1 La3,19.467
mp-755480,K2 Rb2 O2,17.77
mp-1018051,K1 Ti1 S2,51.441
mp-8409,K1 Y1 O2,78.584
mp-8454,K1 F1,33.925
mp-998913,K1 O3,14.064
mp-2828744,K1 Hf1 Mg6,29.655
mp-23193,K1 Cl1,16.489
mp-6870,K1 Be2 B1 O3 F2,49.645
mp-866169,K1 Tl2 Bi1,22.656
mp-7089,K2 Mg2 Sb2,23.427
mp-863710,K1 Ac1 Te2,37.606
mp-631525,K1 Hg2 B1,22.492
mp-9318,K2 Zr2 Cu2 Se6,30.478
mp-11132,K2 Pr2 Te8,24.932
mp-569857,K8 P12,16.217
mp-6494,K2 Ca1 C2 O6,46.261
mp-8724,K4 Te2 O6,23.313
mp-863757,K4 Sb2 Au2,16.33
mp-9778,K4 Ag2 P2,22.143
mp-8700,K2 Au3,33.183
mp-10662,K4 C2 O6,30.395
mp-7502,K2 Sn2 O3,23.584
mp-27839,K2 Ti1 Cl6,12.238
mp-8187,K4 Zn2 O4,42.145
mp-6686,K2 Na1 In1 F6,39.509
mp-3963,K8 C4 O12,27.466
mp-8262,K4 P6,16.206
mp-13797,K2 Na1 Cu1 F6,42.815
mp-8415,K2 Hf1 F6,51.219
mp-27138,K2 Pd1 Br4,10.178
mp-23956,K2 Mg1 H4,23.064
mp-7824,K2 Re1 F6,26.136
mp-7667,K4 S6,14.703
mp-9672,K4 Ni2 P4,20.879
mp-27243,K2 Pt1 Br4,10.721
mp-1022,K2 S1,18.259
mp-13798,K2 Na1 Tl1 F6,37.066
mp-31212,K2 Mg1 F4,45.872
mp-8621,K2 Pt1 Se2,28.157
mp-27304,K2 Mn1 Cl6,11.197
mp-643257,K2 H4 Pd1,14.628
mp-867920,K2 Rh2 O5,84.38
mp-8623,K2 Te2 Pt1,22.506
mp-14039,K2 Na1 Rh1 F6,43.639
mp-3970,K2 Ti1 F6,27.845
mp-27691,K2 Pt1 Br6,12.515
mp-8446,K4 Cu2 P2,21.887
mp-7643,K4 Ag2 Sb2,17.264
mp-1025158,K2 Pu1 O4,53.382
mp-3042,K2 Si1 F6,19.56
mp-15684,K4 Cu2 As2,22.329
mp-20623,K4 Cd2 C8 N8,14.761
mp-571440,K8 Cu4 Br12,15.253
mp-8891,K2 Zr1 B2 O6,64.928
mp-13190,K1 Rb2 Ga1 F6,35.653
mp-8756,K2 Li2 Se2,24.635
mp-12414,K1 U2 Se6,36.136
mp-22901,K1 I1,12.418
mp-15687,K1 Zn1 As1,30.741
mp-571124,Cs2 K1 Sc1 Cl6,16.957
mp-7569,K1 As1 F6,16.776
mp-23846,K2 H2 F4,26.337
mp-7911,K4 Cu4 O4,33.195
mp-15724,K1 Na2 Sb1,18.878
mp-4950,K1 Ca1 F3,48.658
mp-549490,K1 Nb4 O5 F1,139.204
mp-7959,K1 Er1 O2,83.58
mp-12532,K1 Ag2 P1 S4,36.776
mp-1076,K1 B6,133.72
mp-22958,K1 Br1 O3,19.057
mp-1019105,K2 Mg2 Bi2,19.85
mp-6847,K1 Y2 Ti2 S2 O5,73.072
mp-35276,K1 Fe2 As2,48.787
mp-10092,K1 Cu4 Se3,41.111
mp-29138,K2 Au2 Se4,20.785
mp-10161,K1 Zn1 Sb1,24.144
mp-827,K2 N6,20.517
mp-568428,K1 Na1 B2 H8,16.079
mp-3553,K2 Te2 Au2,27.321
mp-27418,K1 Au1 O2,46.429
mp-3448,K1 Mg1 F3,74.789
mp-27677,K1 Cu4 S3,47.956
mp-5246,K1 Nb1 O3,103.853
mp-559612,K4 Li4 O4,31.925
mp-5566,K2 Cu2 F6,68.887
mp-1021423,K1 Mg6 Ti1,48.731
mp-7483,K4 Hg4 F12,50.671
mp-4342,K1 Nb1 O3,109.845
mp-570303,K2 Tm2 I6,17.864
mp-556609,K2 Sb2 P4 S12,10.832
mp-569886,K1 In9 Ni2,39.521
mp-1018652,K2 Cd2 Sb2,21.748
mp-7387,K2 Ag2 F8,23.276
mp-40204,K1 Zr1 Tl2 O1 F5,31.533
mp-631464,K1 Be1 Pt1,38.778
mp-8188,K1 Sc1 O2,95.827
mp-760376,K1 Ti1 O3,52.449
mp-9884,K2 Fe2 Se4,19.144
mp-5878,K1 Zn1 F3,71.15
mp-962073,K1 Ba1 Sn1,14.567
mp-935811,K1 Nb1 O3,172.61
mp-2910,K2 Al2 F8,47.118
mp-2789384,K1 Mg6 Nb1,30.941
mp-981313,K1 Tb1 O3,54.299
mp-10165,K2 Al2 Te4,17.465
mp-1002083,Cs1 K1 I1 Cl1,10.751
mp-7940,K2 Nb2 Se4,56.925
mp-989585,Cs2 K1 Pb1 F6,26.386
mp-7421,K2 Zn2 As2,30.9
mp-1009048,K1 Ag1 O1,42.453
mp-1018072,K1 Ti1 S2,51.499
mp-984357,Cs1 K1 O3,38.067
mp-882700,K2 Ti2 F8,35.497
mp-27865,K4 Mg4 Cl12,31.053
mp-12098,K1 P2 Rh2,54.245
mp-973830,K1 Er1 O3,65.414
mp-6812,K4 Ba4 P4 O16,55.459
mp-9490,K1 Ag2 Sb1 S4,30.86
mp-753774,K1 Tm1 O2,85.994
mp-9061,K1 Pd1 F3,68.848
mp-974842,K1 Pt1 O3,119.312
mp-6560,K2 S2 O4 F2,17.575
mp-569408,K1 Co2 As2,37.779
mp-631329,K1 Mo1 Ru2,142.296
mp-15781,K1 La1 S2,37.153
mp-1021424,K1 Mg6 Mo1,39.445
mp-7436,K2 Cu2 Te2,29.374
mp-4026,K1 Cr1 S2,55.286
mp-631408,K1 Si2 Hg1,34.801
mp-23737,K1 Mg1 H3,34.622
mp-14796,K2 Pt4 Se6,24.605
mp-7420,K2 Hg2 As2,25.11
mp-8013,K1 Ru1 F6,11.553
mp-570891,K1 Br1,15.624
mp-1023129,K1 Cu1 Cl3,38.496
mp-15783,K1 Sm1 S2,40.489
mp-9881,K2 Au2 Se2,13.45
mp-5309,K2 Au2 F8,22.107
mp-23562,K2 I2 O8,20.199
mp-989529,K1 Rb2 In1 Cl6,16.539
mp-754883,K1 Ho1 O2,82.791
mp-551092,K2 Li2 Zn2 O4,58.328
mp-636056,K2 N6,4.298
mp-1029444,K4 Co4 N4,43.832
mp-974738,K1 Sr3,9.273
mp-7435,K2 Cu2 Se2,35.575
mp-23487,K4 I4 O12,21.031
mp-20422,K2 Mn2 P2,11.679
mp-626785,K2 H2 O2,30.922
mp-555576,K2 Na2 S4 O14,23.283
mp-556084,K4 Cl4 O12,15.73
mp-3486,K2 Sn2 Sb2,19.885
mp-10423,K1 Au1 C2,34.812
mp-1029336,K4 Zn4 N4,36.495
mp-9583,K2 Zn1 F4,45.168
mp-9486,K2 Al1 F5,27.421
mp-22956,K2 Pd1 Cl4,11.845
mp-14168,K4 Ge2 F12,22.604
mp-540584,K2 Pd1 O2,54.425
mp-1023132,K4 Cu2 Cl4 F4,19.095
mp-504935,K8 Pb4 O12,38.231
mp-22756,K4 Pb2 O6,39.098
mp-4731,K2 U1 F6,45.281
mp-9839,K2 Li1 Al1 F6,49.406
mp-10408,K2 C1 N2,31.342
mp-23036,K2 Se1 Br6,11.09
mp-9068,K4 Na2 Al2 P4,24.93
mp-5699,K2 Cu1 F4,43.612
mp-23513,K2 Pt1 Cl6,12.754
mp-6058,K2 Na1 Sc1 F6,41.223
mp-569149,K2 Te1 Cl6,10.788
mp-568914,K2 W1 Cl6,12.36
mp-8414,K2 Hf1 F6,15.293
mp-643279,K2 H6 Pt1,15.531
mp-2672,K4 O4,32.413
mp-1747,K2 Te1,13.039
mp-568333,K2 Sn1 Br6,10.429
mp-23505,K2 Te1 Br6,10.176
mp-28163,K2 Pd1 F4,24.004
mp-22947,K2 Re1 Cl6,11.602
mp-4529,K8 S4 O16,28.688
mp-13799,K2 Na1 Y1 F6,36.926
mp-10381,K4 Cu2 Sb2,17.39
mp-989587,K2 S1 Br1 Cl6,17.784
mp-3808,K2 U1 O4,60.113
mp-9069,K4 Na2 Al2 As4,22.098
mp-695998,K8 Zn4 H16,16.778
mp-23067,K2 Pd1 Cl6,12.406
mp-27835,K2 Os1 Br6,12.514
mp-6586,K2 Na1 Al1 F6,45.766
mp-1021516,K2 Sn1,8.242
mp-22934,K2 Pt1 Cl4,12.029
mp-8426,K2 Se1,15.851
mp-7928,K2 Pt1 S2,35.048
mp-4264,K4 S4 O10,20.378
mp-863759,Cs1 K2 Bi1,10.835
mp-27207,K2 Mg1 Cl4,21.759
mp-23021,K2 Re1 Br6,11.063
mp-3821,K2 Pt1 F6,24.229
mp-571594,K6 Ag2 Sn6 Se16,14.728
mp-982665,K3 In1,6.339
mp-973627,K3 Sr1,4.92
mp-14018,K6 As2,12.83
mp-568516,K3 Bi1,11.606
mp-1029756,K12 B4 N8,29.455
mp-28980,K12 Bi4 Se12,12.443
mp-7439,K3 Cu3 P2,25.523
mp-11801,K6 N2,2.72
mp-571461,K4 Zn1 As2,14.495
mp-29584,K4 Be1 As2,16.006
mp-768368,K4 I2 O1,13.588
mp-11719,K4 Zn1 P2,17.068
mp-28302,K4 Cd1 P2,16.356
mp-29484,K4 Hg1 As2,14.347
mp-8753,K4 Hg1 P2,16.008
mp-29585,K4 Cd1 As2,14.836
mp-551736,K4 C1 O4,17.431
mp-28627,K4 Br2 O1,15.726
mp-9872,K4 Be1 P2,18.358
mp-8624,K4 Sn4 O6,23.501
mp-31363,K2 Ta1 Cl6,12.244
mp-7979,K2 Pd1 F6,23.767
mp-581024,Cs1 K2 Sb1,12.368
mp-9687,K4 P2 Au2,21.569
mp-27632,K2 Tc1 Cl6,11.33
mp-971,K4 O2,27.218
mp-23499,K2 Sn1 Cl6,11.298
mp-28166,K3 Br1 O1,19.399
mp-10159,K3 Sb1,13.114
mp-973554,K3 Sm1,6.764
mp-28273,K24 Cu8 O16,27.774
mp-1184863,K3 Mo1,6.71
mp-690789,K3 Re1 H6,25.075
mp-983388,K3 Hg1,4.365
mp-684709,K6 B34,97.13
mp-974641,K3 Tl1,5.319
mp-9200,K3 Au1 O1,18.66
mp-28171,K3 I1 O1,18.587
mp-973446,K3 W1,8.076
mp-973614,K3 Sn1,9.269
mp-29379,K12 Bi4 Te12,9.122
mp-973528,K3 Si1,9.969
mp-14205,K3 Cu3 As2,23.904
mp-9665,K6 B2 As4,16.559
mp-557753,K12 P4 O16,36.838
mp-974627,K3 Tl1,5.574
mp-982780,K3 Cd1,5.074
mp-973622,K3 Sr1,4.901
mp-973271,K3 Y1,7.141
mp-973265,K3 Zr1,6.941
mp-973535,K3 Sc1,23.71
mp-982664,K3 In1,6.456
mp-7897,K6 P2,13.975
mp-23697,K3 Al1 H6,18.623
mp-9664,K6 B2 P4,18.515
