material_id,composition,G_vrh
mp-755646,Li2 Cu2 O2,17.231
mp-975321,Li2 Si6,1.582
mp-16648,Li2 Sn8 Rh2,40.822
mp-14209,Li3 Y3 Ge3,46.996
mp-33322,Li2 Ho2 Se4,31.404
mp-863257,Li1 Ga3,19.567
mp-865738,Li1 Pr1 Hg2,9.986
mp-3924,Li2 Nb2 O4,100.566
mp-29463,Li4 Be4 N4,65.035
mp-31301,Li2 Sn8 Au6,20.244
mp-977374,Li1 Lu1 Pd2,0.971
mp-982667,Li1 Al2 Os1,67.515
mp-862719,Li1 Y2 Os1,34.286
mp-867877,Li1 Cd1 Au2,-11.833
mp-31468,Li4 Ca4 N4,40.787
mp-33363,Li2 Y2 S4,36.134
mp-973058,Li1 Lu2 Al1,35.495
mp-569450,Li2 B12 C2,184.076
mp-865228,Li1 Sc1 Pt2,61.788
mp-973966,Li1 In1 I4 O12,21.039
mp-1021327,K1 Li1 I1 Cl1,8.606
mp-3666,Li2 Ta2 O6,72.113
mp-865870,Li1 Zr2 Os1,47.3
mp-977391,Li1 Nd2 Os1,30.528
mp-12403,Li3 B3 F12,7.539
mp-35591,Li2 Er2 S4,37.776
mp-867222,Li1 Ca2 Ir1,26.111
mp-570379,Cs2 Li1 Lu1 Cl6,9.195
mp-11806,Li1 Mg1 Sn1 Pt1,37.269
mp-867272,Li1 Al1 Cu2,53.421
mp-9919,Li2 Zn2 Sb2,25.849
mp-867829,Li1 V1 Rh2,80.647
mp-865893,Li1 Zr2 Tc1,26.476
mp-977570,Li1 Pr2 Os1,28.583
mp-1001581,Li1 C6,115.671
mp-861951,Li1 Ta1 Rh2,67.999
mp-9918,Li8 Ge8,21.135
mp-865963,Li1 Ga1 Ag2,27.563
mp-867255,Li1 Zn2 Au1,20.303
mp-35388,Li2 Sm2 Se4,27.524
mp-862492,Li1 Er1 Tl2,21.383
mp-867807,Li1 Y1 Tl2,16.305
mp-1025455,Li2 Nb4 O2,2.313
mp-29868,Li1 Au1 C2,25.135
mp-862841,Li1 Pm2 Os1,31.331
mp-977440,Li1 Ti1 Pt2,47.643
mp-10182,Li1 Zn1 P1,51.137
mp-934,Li1 Tl1,-2.521
mp-34993,Li12 Al12 O24,123.673
mp-6179,K2 Li2 S2 O8,20.883
mp-996961,Li2 Au2 O4,17.227
mp-867287,Li1 In1 Au2,20.793
mp-20698,Li2 Co2 As2,30.049
mp-861733,Li1 Te1 Pd2,19.117
mp-1029903,Li4 Nb4 N8,59.002
mp-2724538,Li2 Cu2 S2,20.946
mp-862667,Li1 Ac2 Ge1,20.637
mp-867810,Li1 Y1 Hg2,12.474
mp-13474,Li3 Er3 Ge3,47.51
mp-30764,Li2 Pt4,64.55
mp-10189,Li1 Ti1 Te2,27.015
mp-865940,Li1 Th1 Au2,9.884
mp-15791,Li1 Er1 S2,28.514
mp-989583,Rb2 Li1 In1 Cl6,10.025
mp-754605,Li2 Lu2 O4,69.919
mp-29754,Sr2 Li2 N2,28.446
mp-5840,Li2 Sc2 O4,81.291
mp-38280,Li2 Ti2 O4,122.647
mp-7243,Li1 Sn1 Pd2,25.46
mp-30301,Li4 Cl4 O16,18.037
mp-5920,Li1 Al1 Ge1,50.642
mp-982666,Li1 Al2 Tc1,61.853
mp-865907,Li1 Zn3,2.197
mp-1002069,Na1 Li1 I1 Cl1,11.883
mp-864630,Li1 Mg2 Hg1,22.643
mp-989562,Cs2 Li1 Tl1 F6,8.613
mp-22899,Li1 I1,12.473
mp-973191,Li1 Tl3,7.189
mp-6326,Li12 Al12 Si12 O48,45.755
mp-1009006,Li1 Cd1 As1,3.251
mp-862318,Li1 Al2 Ni1,69.544
mp-961683,Li1 Mg1 P1,4.158
mp-38695,Li2 Tb2 Se4,29.91
mp-20363,Li1 Ga2 Pt1,34.754
mp-4495,K2 Li2 Te2,11.932
mp-982975,Li1 Be1 O3,16.251
mp-2426,Li1 Ag1,18.419
mp-862588,Li1 Dy2 Tc1,31.932
mp-754912,Li1 Cu1 O2,25.035
mp-862312,Li1 Be1 Pd2,56.945
mp-862658,Li1 Cu3,43.619
mp-644419,Li4 H4 S4,6.659
mp-9575,Li2 Be2 Sb2,47.692
mp-2475638,Li2 Be2,27.752
mp-977542,Li1 Tb1 Tl2,17.115
mp-1001831,Li2 B2,22.505
mp-865231,Li1 Sc1 Tl2,22.125
mp-865184,Li1 Sc1 Pd2,-47.071
mp-30057,Li4 C4 N4,8.104
mp-24149,Li1 Ce2 H1 O3,67.366
mp-20310,Li4 In4 Se8,13.618
mp-14476,Li4 Rh4 O8,39.318
mp-862815,Li1 Sc1 Au2,15.743
mp-976600,Li1 Hf2 Tc1,38.137
mp-865710,Li1 Sn1 Au2,-6.937
mp-8874,Li1 Si1 B1 O4,73.016
mp-571454,Li1 Ag1 C2,20.005
mp-961698,Li1 Zn1 P1,34.294
mp-962070,Li1 Sc1 Si1,-3.379
mp-861901,Li1 Ga1 Cu2,36.374
mp-866146,Li1 Sm2 Ir1,30.036
mp-4913,Li1 Ga2 Rh1,33.902
mp-862657,Li1 Cu1 Pd2,37.593
mp-764648,Li2 Ti2 O4,93.619
mp-552588,Li2 Nb2 O6,76.732
mp-861931,Li1 Pt3,85.615
mp-135,Li1,3.745
mp-753946,Li2 Co2 S4,47.947
mp-30648,Li1 Mg2 Ga1,26.698
mp-976598,Li1 Hf2 Ir1,57.973
mp-864804,Li1 Tb1 Hg2,4.747
mp-51,Li1,3.618
mp-21894,Li2 Sn8 Ir2,46.562
mp-567787,Li1 In1 Ag2,20.019
mp-977583,Li1 Np1 Ir2,197.522
mp-862290,Li1 Fe1 Rh2,65.499
mp-975649,Li2 Tm6,-6.95
mp-1020059,Li2 Ge4 N6,86.576
mp-867196,Li1 Cd2 Pd1,22.13
mp-976272,Li1 Ca3,-6.125
mp-10614,Sr1 Li1 P1,29.394
mp-753257,Li2 Cu2 F8,19.272
mp-40189,Ba1 Li1 La1 Te1 O6,-112.455
mp-10890,Li1 Al3,40.501
mp-862927,Li1 Pm1 Hg2,11.196
mp-867160,Li1 Cd2 Au1,16.546
mp-753508,Li4 Cu4 S4,15.988
mp-862321,Li1 As1 Pd2,35.687
mp-861658,Li1 Mn1 Pt2,50.068
mp-3524,Li2 P2 N4,100.508
mp-10181,Li1 Si1 Ni2,65.605
mp-570935,Li2 I2,6.203
mp-1001784,Li1 Ti1 S2,39.777
mp-569788,Li3 Zn3 Ge3,35.794
mp-20801,Li1 In2 Pd1,18.833
mp-976426,Li1 Lu1 Hg2,16.026
mp-861875,Li1 Hf2 Re1,44.212
mp-11248,Li1 Au3,10.927
mp-631269,Li1 Ir1 Rh1,30.087
mp-2362485,Li3 Mg3,12.984
mp-672340,Li1 In2 Ru1,41.998
mp-15788,Li1 Y1 S2,27.464
mp-865708,Li1 Sm2 Ru1,25.565
mp-28567,Li2 Bi2 F8,26.886
mp-13322,Li1 Ge1 Rh2,90.626
mp-867250,Li1 Zn2 Pd1,26.455
mp-31208,Li1 In2 Ir1,40.176
mp-5127,Li4 Cu4 O4,32.616
mp-675460,Li1 Ti1 Cl3,16.043
mp-631338,Li1 Zr1 Sc1,-43.555
mp-8310,Li1 Ni2 P2,44.076
mp-568273,Li2 I2,10.762
mp-1138,Li1 F1,50.018
mp-1018135,Li1 Cd1 As1,29.67
mp-865912,Li1 Zn2 Rh1,37.415
mp-2743,Li1 Pd1,24.82
mp-8756,K2 Li2 Se2,15.306
mp-758604,Li2 Ag2 F4,1.696
mp-865872,Li1 Zr2 Re1,37.587
mp-11582,Li4 Ga4 Se8,17.624
mp-30738,Li1 Ir3,112.944
mp-973415,Li2 La6,8.867
mp-867285,Li1 Tb2 Ir1,33.159
mp-977399,Li1 Mg1 Pd2,40.498
mp-977563,Li1 Nb1 Ir2,85.649
mp-1934,Li2 Zn2,22.505
mp-30079,Li1 Mg2 Ge1,-52.54
mp-21297,Li2 Sn8 Ru2,45.755
mp-23797,Li2 H12 Cl2 O14,13.733
mp-25372,Li1 Cu1 O2,59.679
mp-567652,Cs2 Li1 Y1 Cl6,9.676
mp-861930,Li1 Pd1 Au2,11.699
mp-15793,Li1 Tb1 Se2,23.333
mp-755570,Li1 Ni2 S2,20.112
mp-867252,Li1 Zn2 Ni1,35.747
mp-1063005,Li3,5.187
mp-1009009,Li1 F1,-5.79
mp-30156,Li4 Mg4 N4,79.534
mp-862549,Li1 Ac1 Tl2,6.17
mp-862632,Li1 Ca2 Al1,20.041
mp-7575,Li1 Zn1 N1,83.729
mp-530399,Li4 Al20 O32,120.442
mp-16349,Li1 Ni2 Ge1,46.128
mp-1001835,Li2 B2,45.849
mp-941221,Li6 B30 H30,10.386
mp-961723,Li1 Ca1 Rh1,8.295
mp-8452,Na2 Li2 S2,23.768
mp-861881,Li1 Ge1 Au2,17.072
mp-754344,Li1 Zn1 O2,45.232
mp-867744,Li1 Ti3 O4,81.153
mp-9719,Na8 Li4 Al4 P8,27.656
mp-7298,Li1 Cu2 P2,37.221
mp-631334,Li1 Tc2 Pd1,-11.236
mp-2479693,Li3 Ca3 Sn3,26.704
mp-1021323,Li1 C12,106.231
mp-756094,Li1 Fe1 S2,31.867
mp-861736,Li1 Sb1 Pd2,33.967
mp-13288,Ba6 Li2 N2,0.547
mp-862297,Li1 Al1 Rh2,66.739
mp-973824,Li1 Hg3,18.474
mp-35717,Li2 Dy2 Se4,30.614
mp-973940,Li1 Cd3,5.772
mp-865812,Li1 Sm1 Hg2,10.941
mp-974060,Li1 Dy3,-5.24
mp-36111,Li1 Mg1 P1,43.198
mp-864755,Li1 Ac1 Te2,-4.408
mp-11390,Li1 Ga1 Si1,46.327
mp-972285,Sr3 Li1,8.744
mp-1008911,Li1 Mn1 As1,33.252
mp-996988,Li1 Ag1 O2,6.182
mp-2659898,Li2 B2 H8,10.774
mp-632808,Ba1 Li1 H3,6.439
mp-3731,Li8 Nb8 O24,49.129
mp-23259,Li1 Br1,16.321
mp-865868,Li1 Zr1 Rh2,45.895
mp-975906,Li1 Al3,39.623
mp-862335,Li1 As1 Rh2,59.369
mp-631339,Na2 Li1 Ta1,5.998
mp-973613,Li1 Ce1 O3,17.775
mp-20265,Li1 In2 Pt1,28.966
mp-10173,Li2,7.956
mp-1008925,Li1 Fe1 P1,71.498
mp-8001,Li1 Al1 O2,96.813
mp-974938,Rb3 Li1,1.539
mp-1029338,Li2 V4 N6,66.596
mp-25417,Li1 Ti1 O2,77.858
mp-7554,Li1 Mg1 Sn1 Au1,16.802
mp-541365,Li1 Eu1 H3,49.922
mp-559612,K4 Li4 O4,20.733
mp-977561,Li1 Ta1 Ir2,100.908
mp-975909,Li1 Au3,31.714
mp-753506,Li1 Bi1 S2,36.004
mp-11977,Li2 Sn2 Au2,14.507
mp-20998,Li3 Ca3 Pb3,24.614
mp-8002,Li1 Ga1 O2,71.709
mp-30817,Li1 Al2 Pd1,56.274
mp-758302,Li2 Ag2 F4,112.431
mp-755253,Li2 Zr2 O4,100.522
mp-864762,Li1 Mg2 Zn1,26.795
mp-861616,Li1 Sc2 Ir1,38.644
mp-8481,Li3 Pr3 Ge3,37.085
mp-867267,Li1 Ho2 Pt1,31.91
mp-976259,Li1 Tm1 Rh2,38.993
mp-861913,Li1 Dy2 Al1,31.25
mp-962069,Li1 Ag1 Te1,-1.732
mp-862842,Li1 Pm2 Pt1,20.936
mp-8873,Li1 Ge1 B1 O4,60.304
mp-861896,Li1 Hg2 Pd1,11.597
mp-864614,Li1 Mg2 Pt1,34.393
mp-2468774,Li4 Cu4 S4,30.22
mp-36791,Li2 Nd2 S4,29.894
mp-861666,Li1 Ru2 W1,82.095
mp-766486,Li2 Cu2 S4,21.639
mp-13277,Ba2 Li2 P2,29.534
mp-13916,Li4 Ca4 Si8,36.127
mp-1029932,Li4 V4 N8,46.341
mp-861625,Li1 Zn1 Ag2,15.67
mp-867211,Li1 Ca2 In1,18.813
mp-12716,Li1 Tl1 Pd2,36.325
mp-753722,Li1 Cu1 S2,16.147
mp-864631,Li1 Nb1 Rh2,56.338
mp-989579,Rb2 Li1 Tl1 Cl6,10.376
mp-862677,Li1 Ho1 Tl2,19.632
mp-989504,Na2 Li1 N1 F6,30.306
mp-976291,Li2 Al2 H8,16.29
mp-753541,Li2 Cu2 F8,12.424
mp-1029395,Li2 Cr2 N4,47.814
mp-9562,Li2 Be2 As2,35.547
mp-753605,Li4 Cu4 S4,16.527
mp-569331,Li2 Sn12 Pd4,17.812
mp-973874,Li1 La2 Al1,21.112
mp-867927,Li1 V1 Ir2,108.216
mp-754537,Li1 Lu1 O2,46.12
mp-861956,Li1 Pm2 Ir1,28.359
mp-973561,Li1 Ce2 Ru1,6.7
mp-961684,Li1 Ca1 As1,17.972
mp-865116,Li1 Sm1 Tl2,15.962
mp-30821,Li1 Al2 Rh1,55.198
mp-982974,Li1 Be1 Au2,34.74
mp-861624,Li1 La1 Hg2,9.091
mp-862296,Li1 Al1 Pt2,104.435
mp-867834,Li1 Hf1 Pt2,23.595
mp-976424,Li1 La3,10.268
mp-865939,Li1 Mg2,19.141
mp-976280,Li2 Br2,8.428
mp-2365577,Li2 Ni2 S4,34.235
mp-755000,Li2 Ti2 O4,57.795
mp-13914,Li1 Co2 Ge1,97.165
mp-27227,Li2 Ag6 O4,19.457
mp-867313,Li1 Tm1 Pt2,37.47
mp-1018786,Li2 Mn2 Sb2,14.417
mp-862377,Li1 Be2 Ir1,64.707
mp-631330,Li1 Ta1 W2,-47.706
mp-11512,Li1 Al2 Ir1,52.607
mp-29520,Li2 Au2 I8,3.8
mp-864784,Li1 Sn1 Rh2,67.926
mp-758741,Li1 Fe2 P2,66.399
mp-12564,Li1 Sb1 Au1,8.279
mp-867206,Li1 Cd2 Pt1,23.689
mp-861900,Li1 Ga1 Au2,26.976
mp-865936,Li1 Sc2 Tc1,32.676
mp-1001786,Li1 Sc1 S2,32.783
mp-13444,Li6 Sn6,17.536
mp-5048,Li2 Ga2 Te4,13.673
mp-867119,Li1 Hf1 Pd2,19.867
mp-862555,Li1 Y2 Al1,33.33
mp-975990,Na1 Li1 O3,13.061
mp-862774,Li1 In1 Pt2,129.985
mp-867364,Li1 Tm1 Pd2,-4.548
mp-867258,Li1 Zn1 Pd2,50.885
mp-862684,Li1 Hf2 Os1,59.172
mp-867148,Li1 Hf1 Rh2,55.025
mp-9615,Li1 Ti1 S2,48.553
mp-8754,Na4 Li4 Te4,15.62
mp-1029294,Li2 Sn4 N6,48.959
mp-23856,Li2 H2 O2,10.119
mp-9472,Li1 Ag2 Ge1,17.417
mp-861932,Li1 Zn1 Au2,0.923
mp-867924,Li1 Cd1 Pd2,30.879
mp-863659,Li1 Sc1 Hg2,15.302
mp-604313,Li4,-13.034
mp-22905,Li1 Cl1,20.781
mp-567097,Li1 Cu2 Ge1,36.738
mp-861629,Li1 Mn1 Pd2,43.455
mp-753848,Li2 Cu6 O6,41.778
mp-753371,Li4 Cu4 S4,8.094
mp-996992,Li1 Ag1 O2,27.457
mp-861661,Li1 Pr2 Ru1,22.364
mp-2659,Li1 N3,18.796
mp-23702,Li4 H8 N4,21.892
mp-1029424,Li2 Ti4 N6,71.603
mp-3348,Li4 B4 Ir4,69.518
mp-976260,Li1 Tm2 Au1,35.495
mp-853967,Li4 Cu4 S4,15.398
mp-795,Li8 Si8,36.261
mp-3700,Li2 Y2 F8,31.762
mp-753326,Li1 Ag2 F6,17.197
mp-989405,Cs2 Li1 In1 Br6,8.914
mp-7555,Li1 Mg1 Sn1 Pd1,33.072
mp-973455,Li2 Mg4,23.398
mp-675334,Li1 Ti2 O4,114.219
mp-9588,Li8 P8,26.861
mp-1067,Li2 Al2,32.432
mp-975044,Li2 Si4 Rh4,68.685
mp-867197,Li1 Ga1 Ni2,-16.545
mp-976411,Li4,6.849
mp-862613,Li1 Ac2 Ga1,19.764
mp-862737,Li1 Hg1 Pd2,22.7
mp-22716,Li2 Cu4 P2,32.433
mp-30819,Li1 Al2 Pt1,59.706
mp-867170,Li1 Ga1 Pt2,153.628
mp-569685,Li1 Zn1 P1,-72.249
mp-1307,Li2 Ga2,20.189
mp-989551,Li1 Tl2 In1 F6,13.628
mp-10615,Ba1 Li1 P1,24.535
mp-1018133,Li1 H1 Pd1,38.705
mp-6521,Li2 La2 Ti2 O8,53.816
mp-867198,Li1 Ga1 Pd2,-39.18
mp-867223,Li1 Ga2 Ni1,42.228
mp-15789,Li1 Dy1 S2,27.451
mp-861955,Li1 Pm2 Ge1,26.487
mp-755144,Na2 Li2 O2,39.05
mp-865578,Li1 Nd2 Ga1,24.558
mp-20567,Li1 Ga2 Ru1,46.408
mp-605860,Ba16 Li8 N8,6.403
mp-773044,Li2 Cu2 O4,22.461
mp-631319,Li1 Ti1 Re1,-27.038
mp-21471,Li2 Fe2 As2,39.305
mp-33526,Li2 Bi2 S4,32.521
mp-974642,Li1 Ag2 Pb1,8.871
mp-33667,Li2 Dy2 S4,36.047
mp-867873,Li1 Tm2 Al1,35.568
mp-867121,Li1 Y2 Pt1,30.073
mp-9839,K2 Li1 Al1 F6,25.226
mp-5419,Li1 Ga2 Ir1,40.935
mp-11807,Li1 Pt1,51.982
mp-32641,Li1 S1,-36.107
mp-755959,Na4 Li4 O4,16.356
mp-976793,Li1 Er2 Ga1,36.081
mp-862673,Li1 Y2 Ru1,29.28
mp-865924,Li1 Zr1 Au2,5.343
mp-861876,Li1 Ac2 Si1,22.936
mp-973841,Li1 Ho2 Al1,33.455
mp-865795,Li1 Sc2 Ru1,34.245
mp-24150,Li1 Nd2 H1 O3,86.992
mp-1205309,Li2 B2,32.433
mp-15796,Li1 Ho1 Se2,24.071
mp-996987,Li2 Cu2 O4,43.139
mp-3635,Li4 B4 O8,31.277
mp-862870,Li1 Tc1 O3,79.846
mp-862619,Li1 Er1 In2,20.144
mp-29633,Li1 Ge1 Pd2,37.662
mp-24148,Li1 La2 H1 O3,72.439
mp-867253,Li1 Zn2 Ir1,40.679
mp-862926,Li1 Pm1 Au2,67.79
mp-632402,Li1 Ca1 U1 F8,14.907
mp-14208,Li3 Y3 Si3,48.636
mp-2894145,Li1 Mg6 Mo1,27.637
mp-13590,Li1 B1 C4 N4,6.383
mp-5159,Li1 Ga2 Pd1,20.021
mp-11947,Li1 Al1 Ag2,32.565
mp-20049,Li2 Fe2 P2,51.439
mp-3660,Li4 B12 O20,47.464
mp-861660,Li1 Nd1 Hg2,9.543
mp-865933,Li1 Si1 Ir2,127.917
mp-15821,Li3 Nd3 Ge3,38.814
mp-23736,Li2 Mg2 H6,28.674
mp-5853,Li2 Si4 N6,121.468
mp-6668,Li4 Ti4 P4 O20,58.853
mp-961703,Na1 Li1 Pt1,-40.599
mp-10687,Li1 Cd1 P1,4.094
mp-600561,Li1 Rh1,41.679
mp-862716,Li1 Ag3,24.289
mp-861954,Li1 Ta1 Ru2,66.077
mp-862887,Li1 Sc2 Os1,40.992
mp-976330,Li1 Zr2 Ir1,40.126
mp-6270,Ba2 Li1 Re1 O6,43.501
mp-1009014,Li1 Cu1 O1,46.923
mp-989512,Li1 Tl2 In1 Cl6,10.42
mp-865925,Li1 Zr1 Ir2,53.838
mp-6654,Cs2 Li1 Ga1 F6,9.426
mp-760408,Li2 Zn2 O4,49.385
mp-556562,Li2 As2 H12 O6 F12,9.562
mp-975368,Li1 Ca2 Mg1,9.154
mp-552663,Li1 Sc1 As2 O7,46.083
mp-867210,Li1 Ca2 Hg1,12.698
mp-13396,Li1 In2 Rh1,37.101
mp-1018026,Li2 Ag2,14.296
mp-863675,Li1 Pm2 Ru1,24.444
mp-1029251,Li4 Ru4 N4,58.104
mp-504691,Li2 Mn2 P2,38.837
mp-1001790,Li1 O3,18.166
mp-865444,Li1 Sc2 Pt1,37.52
mp-1017626,Li1 Ca1 F3,48.995
mp-631333,Li1 Pd1 W2,-11.43
mp-862775,Li1 In1 Rh2,36.12
mp-753098,Li1 Cu1 F2,24.837
mp-867872,Li1 Cd1 Ag2,8.994
mp-973826,Li1 Ho1 Sn2,79.056
mp-3161,Li1 Al1 Si1,55.349
mp-862610,Li1 Hf1 Ir2,62.733
mp-30763,Li1 Pd2 Pb1,9.173
mp-8132,Li1 Ti3 Se6,17.774
mp-867235,Li1 Y2 Ir1,32.546
mp-569834,Li2 Cu4 Sn2,44.076
mp-644271,Li2 H2 S2,7.822
mp-862717,Li1 Al1 Au2,36.27
mp-754542,Li1 V1 S2,32.603
mp-862928,Li1 Pm1 Tl2,15.462
mp-30209,Li4 B4 H16,7.936
mp-757100,Li1 Co1 S2,19.302
mp-7473,Li1 Cu2 Si1,55.803
mp-559598,Li2 Sc2 F8,31.055
mp-1378,Li2 C2,30.156
mp-12558,Li1 Mg1 As1,36.802
mp-867926,Li1 In1 Pd2,-2.593
mp-755552,Li1 Y1 S2,43.12
mp-867812,Li1 Al1 Ni2,4.832
mp-752927,Li2 Ag2 F4,14.637
mp-867803,Li1 Ca2 Cd1,11.67
mp-10584,Ba2 Li1 Os1 O6,43.765
mp-861882,Li1 Ge1 Ir2,107.147
mp-973374,Li2 Mg4,13.561
mp-863727,Li1 Ti1 Rh2,60.474
mp-867805,Li1 Ca2 Ga1,20.928
mp-976596,Li1 Lu2 Ga1,37.55
mp-962066,Na1 Li1 Te1,-58.994
mp-14115,Li1 Rh1 O2,43.813
mp-2012,Li1 Hg1,13.906
mp-279,Li1 Ir1,68.118
mp-7936,Li2 Nb2 S4,57.167
mp-864597,Li1 Mg1 Tl2,13.128
mp-7350,Li2 Y4 Si4,42.707
mp-631449,Li1 Ta1 Be1,-19.055
mp-867145,Li1 Ho2 Ga1,34.678
mp-9950,Ba1 Li1 Si1,17.23
mp-862730,Li1 Ga1 Rh2,59.775
mp-756784,Li1 Sb1 S2,35.827
mp-977380,Li1 Mg2 Pd1,25.898
mp-867820,Li1 Al1 Pd2,-37.156
mp-22460,Li2 In2,7.674
mp-867251,Li1 Zn2 Pt1,31.667
mp-28254,Li2 Ru2 O4,103.758
mp-15820,Li3 Ho3 Ge3,48.427
mp-754516,Li2 Ni2 P2,32.248
mp-861933,Li1 Tm1 Hg2,15.603
mp-1001783,Li1 Sn1 S2,26.474
mp-758052,Li2 Cu2 F6,4.969
mp-976744,Li1 Er2 Tl1,28.817
mp-9124,Li1 Zn1 As1,40.964
mp-867167,Li1 Ca2 Tl1,14.441
mp-30759,Li1 Mg2 Tl1,13.48
mp-862745,Sr2 Li1 Pt1,14.401
mp-867902,Li1 Si1 Rh2,102.23
mp-10485,Ba2 Li2 Sb2,23.278
mp-989536,Cs2 Li1 N1 F6,-12.71
mp-863673,Li1 Pm2 Rh1,22.513
mp-13915,Li1 Ni2 Sn1,29.525
mp-867293,Li1 Co2 Si1,117.437
mp-624492,Li1 Fe6 Ge4,59.397
mp-861947,Li1 Pm2 Ga1,25.461
mp-569073,Li3 Sn3,19.881
mp-16343,Li1 In1 Ge1,33.386
mp-865793,Li1 Sc2 Rh1,30.034
mp-9244,Li2 B2 C2,133.263
mp-20754,Li2 Ce2 Sn4,27.191
mp-865029,Li1 Pa1 Ru2,9.708
mp-4226,Li1 Cr1 S2,40.013
mp-10178,Li1 Mg1 P1,22.303
mp-568466,Li1 In1 Sn1,19.365
mp-961645,Li1 Al1 Ge1,4.56
mp-30765,Li1 Pt7,77.09
mp-7149,Na2 Li1 N1,16.882
mp-551092,K2 Li2 Zn2 O4,29.535
mp-37906,Li1 Mg1 N1,82.964
mp-1437,Li2 Cd2,11.921
mp-861936,Li1 Pd3,37.805
mp-777047,Li1 Tm1 O2,40.168
mp-9158,Li1 Cu1 O2,41.021
mp-7543,Li1 V1 S2,189.536
mp-15795,Li1 Dy1 Se2,24.176
mp-11175,Li1 Zn1 P1 S4,15.461
mp-866150,Li1 Sm2 Os1,31.695
mp-1018134,Li3,4.151
mp-8180,Li2 N2 O6,22.996
mp-10250,Ba1 Li1 F3,42.339
mp-865866,Li1 Zr1 Pt2,27.199
mp-3427,Li4 Al4 O8,52.968
mp-861652,Li1 Lu1 Pt2,41.098
mp-758594,Li1 Fe6 P4,39.307
mp-2744,Li1 Pd1,34.789
mp-28835,Li2 Sc2 I6,10.994
mp-861667,Li1 Sb1 Rh2,13.887
mp-864772,Li1 Sc2 Au1,36.814
mp-23818,Ba1 Li1 H3,38.849
mp-2468815,Li2 Co2 S4,31.703
mp-861665,Li1 Tm1 In2,18.108
mp-862316,Li1 Be1 Pt2,79.648
mp-977418,Li1 Mg1 Au2,18.185
mp-973979,Li1 Fe1 Pd2,34.793
mp-864601,Li1 Mg2 Rh1,29.172
mp-861905,Li1 Bi1 Pd2,15.71
mp-4586,Li2 Al2 Te4,13.523
mp-2927,Li1 Ag2 Sn1,23.975
mp-23703,Li1 H1,42.538
mp-774712,Li2 Cu2 S2,17.871
mp-864930,Li1 Ti1 Ir2,77.224
mp-10616,Ba1 Li1 As1,22.719
mp-864598,Li1 Mg2 Ag1,22.76
mp-37879,Li2 Y2 Se4,30.214
mp-864997,Li1 Si1 Pd2,50.183
mp-974950,Rb3 Li1,1.129
mp-34477,Li2 Sm2 S4,32.154
mp-861663,Li1 Rh2 Pb1,52.058
mp-570213,Li1 Mg1 Bi1,21.657
mp-863697,Li1 Pm2 Si1,30.263
mp-976262,Li3 Mg3,18.66
mp-13276,Sr2 Li2 P2,36.89
mp-8864,Li1 Co6 P4,100.91
mp-977218,Li4 Mg2,7.239
mp-27454,Ba2 Li4 Si2,16.167
mp-30818,Li2 Al1 Pt1,37.313
mp-12411,Li2 Zn1 Ge1,38.377
mp-8181,Li2 Ce1 N2,65.413
mp-7924,Li4 Sn10,18.289
mp-30080,Li2 Ge1 Pd1,22.035
mp-2661453,Li2 H2 Pt1,26.895
mp-9912,Li2 Ce1 P2,35.063
mp-861651,Li2 Pd1 Pb1,20.181
mp-4779,Li8 B16 O28,40.743
mp-27705,Li4 Si2,23.382
mp-866179,Li2 Nd1 Tl1,28.708
mp-5012,Li4 Si2 O6,51.443
mp-4002,Li2 Zr1 F6,35.314
mp-30816,Li2 Al1 Pd1,29.042
mp-4556,Li8 S4 O16,21.273
mp-7779,Li2 Nd1 As2,19.862
mp-865666,Li2 Tl1 Ag1,17.026
mp-1185209,Li8 Zn4 Si4,42.979
mp-22961,Li4 Zn2 Cl8,15.897
mp-31441,Li2 Ga1 Ir1,41.728
mp-10525,Na1 Li2 N1,-24.612
mp-567389,Li2 Zn1 Ge1,25.919
mp-567347,Li2 Ag1 Sn1,20.768
mp-865874,Li2 Ag1 Hg1,9.484
mp-15988,Li2 Cu1 Sb1,33.809
mp-2170,Li2 Pt1,30.516
mp-30820,Li2 Al1 Rh1,39.204
mp-30758,Li2 Mg1 Pb1,14.747
mp-973343,Li2 Mg1 Hg1,18.917
mp-2987,Li2 Mg1 Tl1,14.225
mp-728,Li2 Pd1,21.97
mp-557142,Li4 S2,24.251
mp-752881,Li2 Cu1 S2,16.474
mp-20484,Li2 Fe1 Cu1 C6 N6,-37.207
mp-30591,Li2 Cu1 Sn1,30.448
mp-862934,Li2 Pm1 Tl1,30.085
mp-35841,Li2 Cu1 Ge1,40.226
mp-865871,Li2 Zn1 Au1,4.542
mp-4630,Li4 Ru2 O6,-50.211
mp-865737,Li2 In1 Sn1,14.569
mp-570771,Ba1 Li2 Mg2 Si2,29.927
mp-1960,Li2 O1,68.452
mp-31324,Li4 In2,23.649
mp-1025473,Li4 Nd2 Ge2,27.258
mp-866194,Li2 Mg1 Cd1,20.86
mp-28250,Li2 Mn1 Br4,11.927
mp-15901,Li2 La1 Ta2 O7,69.73
mp-1029385,Li2 Sn1 N2,85.985
mp-30406,Li2 Tl1 Au1,8.488
mp-2988,Li2 Ga1 Rh1,35.873
mp-3216,Li2 Zr1 N2,113.262
mp-976114,Li2 Cd1 Hg1,12.342
mp-865965,Li2 Ca1 Si1,29.73
mp-29210,Li4 Ga2,27.31
mp-866196,Li2 Pr1 In1,27.925
mp-11644,Li4 Ca2,8.546
mp-15686,Li4 Cu2 As2,37.96
mp-9610,Li2 C1 N2,19.417
mp-865713,Li2 Tl1 Bi1,22.827
mp-31168,Li2 Al1 Ag1,25.281
mp-756597,Li4 Hf2 O6,52.736
mp-21026,Li2 In1 Pt1,18.408
mp-866176,Li2 Pd1 Au1,23.405
mp-865867,Li2 Y1 Tl1,32.362
mp-30392,Li2 In1 Au1,16.653
mp-865582,Li2 Cd1 Pd1,7.951
mp-1020019,Li4 P2 N2 O4,60.241
mp-20106,Li4 Nd2 Sb4,21.469
mp-3158,Li2 Sb1 Pt1,28.96
mp-866202,Li2 Sn1 Pt1,29.364
mp-1125,Li8 S4,20.471
mp-22446,Li4 Pr2 Sb4,21.813
mp-4117,Li4 Si4 O10,49.052
mp-861184,Li2 W1 S4,2.584
mp-862930,Li2 Pm1 In1,30.714
mp-977207,Li4 Mg2,3.332
mp-556777,Li4 C2 O6,40.321
mp-10180,Li2 Sb1 Pd1,27.178
mp-753195,Li2 W1 S4,4.129
mp-755352,Li4 Hf2 O6,66.947
mp-2724101,Li2 Hf1 O3,45.772
mp-1153,Li2 S1,33.875
mp-36864,Li4 Ti2 O6,87.311
mp-865986,Li2 Ca1 Ge1,26.755
mp-12128,Li2 Mg1 In1,20.946
mp-865935,Li2 Mg1 Sn1,21.546
mp-865863,Li2 Tl1 Pd1,13.18
mp-30344,Li2 In1 Ag1,15.372
mp-865714,Li2 Hg1 Au1,7.09
mp-841,Li4 O4,50.633
mp-29009,Li2 Mg1 Br4,12.262
mp-16271,Li2 Cd1 Sb1,0.834
mp-2931,Li8 Ti4 O12,71.679
mp-865987,Li2 Ag1 Pd1,10.22
mp-3201,Li2 Ga1 Pd1,26.29
mp-865879,Li2 Ag1 Au1,17.539
mp-865731,Li2 Hg1 Pd1,13.98
mp-30349,Li2 Ag1 Pb1,13.522
mp-12580,Li2 Cd1 Sn1,23.104
mp-867171,Sr1 Li2 Sn1,21.366
mp-752843,Li2 Cu1 F4,15.213
mp-983425,Li2 Pm1 Ge1,26.433
mp-756187,Li4 Fe2 S4,13.543
mp-866193,Li2 La1 In1,26.277
mp-976843,Li4 Mg2,15.238
mp-865897,Li2 Ac1 In1,19.316
mp-862948,Li2 Pm1 Pb1,24.17
mp-2356674,Li2 Nb1 F6,128.338
mp-11490,Li2 Zn1 Sn1,27.734
mp-5077,Na1 Li2 Sb1,22.606
mp-884085,Li4 Cu2 S4,10.234
mp-4711,Li2 Cu1 O2,43.976
mp-3054,Li4 C2 O6,28.12
mp-31496,Li4 Sn4 Au2,21.387
mp-644389,Li2 H2 Pd1,29.177
mp-21029,Li2 In1 Pd1,17.086
mp-631316,Li2 Ga1 Sb1,32.36
mp-865964,Li2 Ca1 Sn1,27.664
mp-22980,Li2 Co1 Cl4,1.69
mp-754534,Li2 Ce1 O3,38.795
mp-1001914,Li2 Sn1 Ir1,24.121
mp-7777,Li2 Pr1 P2,23.079
mp-15885,Li4 U2 S6,25.019
mp-12029,Li4 Cu2 P2,47.499
mp-4156,Li4 Zr2 O6,55.316
mp-760539,Li2 Ti3 O6,61.957
mp-30405,Li2 Sn1 Au1,21.316
mp-606604,Cs1 Li2 F3,18.167
mp-570950,Na1 Li2 N1,13.772
mp-30381,Li2 Ga1 Au1,25.706
mp-7603,Li4 Ti2 F12,30.935
mp-2492941,Li4 Nb2 S6,32.578
mp-973325,Li2 Mg1 Ge1,25.839
mp-10686,Li2 Cd1 Ge1,20.058
mp-865932,Li2 Ce1 Pb1,33.556
mp-11304,Li2 Cd1 Pb1,11.955
mp-754238,Li2 Cu1 Bi1 O4,55.545
mp-1018009,Li2 Mg1 Si1,36.356
mp-7608,Li2 Pd1 O2,43.646
mp-975997,Na1 Li2 Pb1,13.808
mp-755894,Li8 O4,44.318
mp-570528,Li2 Ga1 Ir1,4.657
mp-1545896,Li12 Sb6,23.465
mp-866181,Li2 Nd1 In1,29.888
mp-1014462,Li2 Y1 Al1,-9.986
mp-865067,Li2 Eu1 Ge1,23.508
mp-2935,Li2 Ge1 Au1,28.556
mp-22967,Li2 Fe1 Br4,16.303
mp-31442,Li2 In1 Rh1,25.237
mp-30403,Li2 Pb1 Au1,11.552
mp-30404,Li2 Sb1 Au1,21.767
mp-1029776,Li8 Ge4 N8,43.636
mp-5446,Li2 Pr1 O3,21.617
mp-975578,Li2 Sn1 Hg1,-26.63
mp-16238,Li2 Ag1 Sb1,20.639
mp-975608,Li2 Tl1 Pt1,17.316
mp-3726,Li2 Ga1 Pt1,28.95
mp-976333,Li2 Ac1 Tl1,14.653
mp-570466,Li8 Ca4,11.708
mp-19896,Li2 Ge1 Pb1 S4,19.979
mp-865577,Li2 Cd1 Au1,12.122
mp-866178,Li2 Nd1 Al1,29.333
mp-570998,Na1 Li2 N1,22.499
mp-16341,Li2 Hg1 Ge1,4.176
mp-569396,Ba1 Li2 Mg2 Ge2,27.584
mp-754213,Li2 Zr1 Cu1 O4,58.508
mp-2286,Li2 Se1,26.985
mp-976982,Li4 Mg2,-1.706
mp-760483,Li4 Pd2 O6,56.718
mp-975609,Li2 Tl1 Pb1,2.173
mp-31443,Li2 In1 Ir1,28.256
mp-19970,Li12 Cu4 O12,35.049
mp-545467,Li3 Cu2 O4,32.011
mp-975882,Li3 Cu1,12.521
mp-975794,Li3 Be1,14.376
mp-752426,Li6 Sb2 S8,25.974
mp-36086,Li3 Nb1 O4,90.318
mp-976256,Li3 Mg1,4.316
mp-976321,Li3 Pr1,1.26
mp-2341,Li6 N2,44.749
mp-975904,Li3 Cd1,8.36
mp-977239,Li3 Th1,5.399
mp-28336,Li12 P28,11.791
mp-976075,Li3 Ca1,7.417
mp-977230,Li3 Tc1,15.88
mp-867342,Li3 Ge1,22.258
mp-551675,Li3 U1 O4,64.714
mp-976334,Li3 Tc1,18.07
mp-976263,Li3 Nb1,26.561
mp-753982,Li3 Cr1 S4,5.266
mp-757,Li6 As2,30.48
mp-9568,Li3 Ga2,28.594
mp-25317,Li3 Cu2 O4,33.635
mp-13725,Li6 P2 O8,43.757
mp-976139,Li3 Mg1,11.268
mp-976254,Li3 Mg1,4.952
mp-1018780,Li3 Sm1 Bi2,28.031
mp-976017,Li3 Co1,14.761
mp-755309,Li3 Nb1 S4,7.241
mp-975868,Li3 Al1,18.203
mp-985583,Li12 P4 S16,11.673
mp-35417,Li3 Ta1 O4,91.621
mp-977165,Li6 Co2,-4.58
mp-11247,Li3 Au1,9.25
mp-753081,Li3 Cu4 O4,23.563
mp-2074,Li3 Sb1,25.62
mp-861228,Li6 Cu2 S4,19.728
mp-16506,Li3 Al2,32.272
mp-736,Li6 P2,34.45
mp-1029562,Li24 In8 N16,58.145
mp-973316,Na2 Li6,5.99
mp-760415,Li3 Sb1 S4,13.461
mp-8407,Li3 La1 P2,45.426
mp-760375,Li3 V1 S4,5.774
mp-867226,Li3 In1,16.087
mp-13944,Li24 Al8 N16,99.981
mp-976264,Li3 Nd1,1.22
mp-867227,Li3 Pt1,15.779
mp-985585,Li3 Cl1 O1,38.236
mp-1646,Li3 Hg1,5.618
mp-28593,Li3 Br1 O1,35.622
mp-977126,Li6 Ag2,7.681
mp-867343,Li3 Cd1,5.553
mp-16828,Li6 B14 O24,39.327
mp-983152,Li6 Re2,-74.316
mp-976055,Li3 In1,16.433
mp-1029592,Li24 Y8 N16,44.751
mp-15254,Li18 Al6 F36,29.604
mp-1018770,Li3 Pr1 Bi2,27.09
mp-976047,Li3 Hg1,15.939
mp-30760,Li3 Pb1,15.278
mp-2251,Li3 N1,33.607
mp-977286,Li3 Sm1,0.826
mp-7955,Li6 Sb2,24.195
mp-850275,Li3 Sb1 S4,5.909
mp-1018764,Li3 Ho1 Sb2,33.579
mp-976412,Li3 Zn1,5.488
mp-976407,Li3 Ac1,8.239
mp-976023,Li3 Ga1,19.231
mp-976408,Li3 Ag1,12.498
mp-27275,Li12 B4 O12,42.251
mp-7396,Li3 Tl1,14.643
mp-976010,Li3 Cr1,6.546
mp-976414,Li3 Zn1,63.284
mp-542435,Li24 Sc8 N16,60.664
mp-23222,Li3 Bi1,21.021
mp-3887,Li24 Ga8 N16,87.141
mp-11489,Li3 Pd1,15.968
mp-15999,Li6 Au2 S4,20.397
mp-976060,Li3 C1,33.718
mp-9172,Li8 Ti2 O8,43.617
mp-7714,Li4 U1 O5,52.804
mp-755298,Li4 Nb1 O4,37.488
mp-861182,Li4 Ti1 S4,14.592
mp-570097,Sr1 Li4 P2,33.657
mp-15845,Sr2 Li8 N4,28.749
mp-865604,Li5 Mg1,9.799
mp-685991,Li10 Si2 P6,27.044
mp-29364,Li5 Sb1 O5,64.692
mp-3838,Li10 Re2 N8,46.271
mp-12283,Li5 Tl2,16.195
mp-685194,Li8 Ti10 O24,60.558
mp-29149,Li4 N1 Cl1,28.342
mp-11737,Li8 Si2 O8,53.188
mp-759877,Li4 Cu1 F7,15.96
mp-29151,Li5 N1 Cl2,26.953
mp-7080,Li5 Ni3 N3,46.935
mp-29025,Li5 Br2 N1,16.903
mp-755013,Li5 Ta1 O5,68.963
mp-981935,Li5 Mg1,8.46
mp-30766,Li5 Sn2,21.604
mp-768197,Li5 Sb1 S4,24.406
mp-767409,Li5 Sb1 S1,29.197
mp-15960,Li40 Al8 O32,54.227
mp-1029448,Li10 Os2 N8,38.982
mp-770649,Li5 Nb1 O5,64.543
mp-1029826,Li12 Os2 N8,64.411
mp-950995,Li12 P2 S10 I2,13.335
mp-867701,Li6 Cu1 S4,11.558
mp-8804,Li12 Mo2 N8,67.066
mp-756490,Li12 Mn2 S8,26.741
mp-3503,Li12 W2 N8,68.603
mp-767525,Li6 Sb1 S2,12.923
mp-1029739,Li12 Fe2 N8,69.192
mp-1029498,Li12 Cr2 N8,72.584
mp-985591,Li6 P1 S5 Br1,-11.852
mp-985592,Li6 P1 S5 Cl1,-20.486
mp-1029726,Li12 Ir2 N8,58.897
mp-28592,Li7 Br3 O2,25.035
mp-30768,Li14 Sn6,23.766
mp-14753,Li56 Ta8 N32,64.79
mp-1029522,Li56 Sb8 N32,62.895
mp-30767,Li14 Sn4,22.949
mp-14827,Li56 Nb8 N32,63.726
mp-2468835,Li7 B18 O1,91.595
mp-4604,Li56 V8 N32,71.832
mp-27930,Li28 Si8,28.995
mp-28549,Li16 Si2 O12,56.475
mp-755225,Li8 Zr1 O6,55.213
mp-568404,Li9 Al4,23.614
mp-2362521,Li18 Ge8,29.535
mp-30769,Li13 Sn5,24.659
mp-672287,Li26 Si8,28.036
mp-510430,Li26 In6,17.785
mp-1020011,Li14 P2 N6 O3,68.471
mp-567395,Li30 Au8,13.292
mp-569849,Li30 Si8,20.993
mp-1777,Li30 Ge8,19.528
mp-865112,Na1 Pr1 Tl2,17.268
mp-866298,Ba2 Na2 Sc2 Si4 O14,48.571
mp-754326,Na1 Ag1 O2,26.511
mp-29356,Na4 Ti8 O16,77.985
mp-10474,Na1 P1 F6,10.027
mp-865118,Na1 Pr1 Au2,17.065
mp-22152,Na2 Fe2 As2,33.541
mp-571467,Cs2 Na1 Y1 Br6,8.079
mp-15318,Rb2 Na1 Ho1 F6,17.647
mp-865117,Na1 Er1 Tl2,23.846
mp-752947,Na1 Ti1 S2,36.796
mp-454,Na1 Ga4,22.906
mp-5558,Na2 Re2 O8,10.392
mp-4276,Na2 Si4 Pd6,46.48
mp-754375,Na1 Ti2 O3,81.135
mp-31235,Ba3 Na3 Bi3,16.323
mp-4170,Na1 Ta1 O3,111.744
mp-865110,Na1 Mg1 Tl2,13.0
mp-977181,Na1 Mo3,14.462
mp-675798,Na2 Ho2 F8,32.839
mp-4419,Na2 Nb2 O6,99.908
mp-4514,Na2 Nb2 O6,37.235
mp-989545,Rb2 Na1 Sb1 Cl6,9.127
mp-14433,Na2 Ge4 N6,77.934
mp-10525,Na1 Li2 N1,-24.612
mp-865126,Na1 Tl1 Pd2,-1.208
mp-27837,Na1 H1 F2,10.903
mp-973166,Na2 Cd6,10.71
mp-20227,Na2 Mn2 P2,34.395
mp-1002069,Na1 Li1 I1 Cl1,11.883
mp-504600,Na4 H16 Cl4 O8,10.767
mp-999126,Na1 Tb1 S2,27.446
mp-11466,Na1 Hg2,8.158
mp-7748,Na1 Al1 O2,87.199
mp-30053,Na2 C2 N2,11.602
mp-977176,Na1 Tc1 O3,92.535
mp-6686,K2 Na1 In1 F6,20.537
mp-13097,Na2 Zn2 As2,21.583
mp-4681,Na4 Nb4 O12,54.97
mp-7937,Na2 Nb2 S4,48.843
mp-3136,Na1 Nb1 O3,100.088
mp-13797,K2 Na1 Cu1 F6,24.134
mp-20343,Na2 Au2 O4,13.28
mp-865051,Na1 Ca2 Tl1,14.702
mp-862943,Na1 Pm1 Hg2,14.658
mp-999274,Rb1 Na1 H2,10.939
mp-23054,Na2 Bi2 O6,23.569
mp-7723,Na1 Al1 F4,90.834
mp-976856,Na1 Mg3,8.351
mp-22924,Na1 Bi1,12.854
mp-975994,Na1 La3,6.803
mp-631317,Na1 Ir1 Pb1,-166.496
mp-6633,Na4 C4 S4 N4,8.919
mp-5475,Na1 Ta1 N2,88.887
mp-7017,Na1 Nb1 N2,85.619
mp-976181,Na1 B1 H4,11.449
mp-865077,Na1 Cd3,-3.797
mp-4531,Na2 N2 O6,12.399
mp-977110,Na1 Sn1 Pd2,24.056
mp-23729,Na1 Be1 H3,49.113
mp-10225,Na1 V1 S2,19.874
mp-974558,Na1,2.856
mp-1002081,K1 Na1 I1 Cl1,8.011
mp-976150,Na1 Al3,25.378
mp-7942,Na1 Ti1 S2,34.134
mp-546500,Na1 C1 N1 O1,12.586
mp-38725,Na2 B2 H8,11.009
mp-6204,Cs2 Na1 Sc1 F6,17.639
mp-578601,Na1 Nb1 O2,63.662
mp-865115,Na1 Nd1 Hg2,14.872
mp-31086,Na4 P20,19.553
mp-999455,Na1 Sm1 S2,25.836
mp-982381,Na1 Cu3,23.089
mp-754777,Na1 La1 O2,32.067
mp-22212,Na4 Sb4 O12,94.186
mp-754825,Na1 Tm1 O2,53.39
mp-976870,Na1 Ni3,36.546
mp-2955,Na4 Mg4 F12,41.752
mp-634657,Na2 H2 S2,10.172
mp-865081,Na1 Ac1 Te2,10.792
mp-22003,Na1 N3,10.625
mp-676586,Na1 V2 S4,17.426
mp-865108,Na1 Sm1 Hg2,14.613
mp-9264,Na2 Te2 Au2,9.325
mp-989541,Rb2 Na1 Sb1 F6,17.354
mp-755586,Na2 La2 O4,37.902
mp-865076,Na1 Cd2 Pt1,22.098
mp-977140,Na1 Ta3,16.731
mp-570998,Na1 Li2 N1,22.499
mp-39681,Na1 Ti2 Bi1 O6,32.797
mp-999127,Na1 Tb1 Se2,23.515
mp-22862,Na1 Cl1,14.298
mp-555576,K2 Na2 S4 O14,12.267
mp-20612,Na2 Mn2 As2,22.44
mp-2720358,Na4 Cl4 O12,14.452
mp-999460,Na1 Sc1 S2,31.329
mp-10172,Na2,4.588
mp-23268,Na1 I1,8.31
mp-976923,Na1 Re1 O3,96.474
mp-962060,Na1 Y1 Si1,0.269
mp-755378,Na1 Pd1 O2,45.178
mp-865109,Na1 Sm1 Tl2,19.687
mp-1021431,Cs1 Na1 I1 Cl1,5.876
mp-999450,Na1 Sm1 Se2,21.517
mp-866128,Na1 Tm1 Tl2,23.164
mp-570538,Na1 N3,3.498
mp-1029316,Na2 Zr1 N2,24.691
mp-1974948,Na6 O3,23.696
mp-1266,Na2 Se1,15.694
mp-7725,Na2 U1 O4,33.502
mp-1025360,Na2 Ti2 As2 O1,26.878
mp-4366,Na2 Pt1 C2,25.524
mp-4533,Na4 Si2 O6,35.839
mp-20389,Na2 Cd1 Pb1,10.909
mp-648,Na2 S1,19.193
mp-690785,Na2 H6 Pt1,15.848
mp-862949,Na1 Pm1 Tl2,18.771
mp-13816,Cs2 Na1 Er1 F6,17.633
mp-560767,K2 Na2 Ti2 O6,27.905
mp-2408760,Na2 Cu4 O6,19.434
mp-976943,Na1 Re3,94.173
mp-8830,Na1 Rh1 O2,59.556
mp-9076,Na1 Tm1 S2,28.714
mp-3405,Na2 Al22 O34,69.533
mp-989644,Cs2 Na1 Ca1 Cl6,4.943
mp-862942,Na1 Pm1 Au2,18.208
mp-973174,Na1 Ag3,21.232
mp-23704,Na2 Al2 H8,13.109
mp-976261,Na1 Ca2 In1,15.823
mp-754027,Na2 Sm2 O4,48.531
mp-999470,Na1 Nd1 S2,24.811
mp-409,Na6 S6,13.293
mp-13798,K2 Na1 Tl1 F6,18.04
mp-560399,Na1 Mg1 F3,42.484
mp-756034,Na1 Sm1 O2,40.862
mp-23850,Na4 H8 N4,10.054
mp-23684,Na2 H2 C2 O4,12.017
mp-10224,Na1 V1 S2,33.967
mp-28614,Na2 B2 Pt6,34.515
mp-10422,Na1 Au1 C2,23.061
mp-255,Na4 Hg4,6.751
mp-4748,Na4 Nb4 O12,-58.617
mp-989578,Rb2 Na1 In1 F6,20.572
mp-961699,Na1 Mg1 P1,-142.864
mp-13925,Cs2 Na1 Y1 F6,16.618
mp-682,Na1 F1,30.163
mp-7090,Na2 Mg2 Sb2,16.18
mp-5175,Na1 In1 O2,50.611
mp-865100,Na1 In1 Hg2,9.66
mp-999474,Na1 Ho1 Se2,24.123
mp-4699,Na4 Ta4 O12,47.441
mp-1052,Na2 Au4,26.679
mp-8452,Na2 Li2 S2,23.768
mp-961774,Ba1 Na1 Sb1,11.206
mp-976076,Na1 Ac2 Sn1,15.328
mp-974883,Rb3 Na1,1.15
mp-3889,Na6 B6 O12,20.982
mp-3567,Na1 V1 Se2,-0.564
mp-962064,Na1 Y1 Sn1,-0.566
mp-981933,Na1 Pd2 Pb1,14.516
mp-23339,Na4 Br4 O12,16.231
mp-7939,Na2 Nb2 Se4,39.007
mp-7400,Na2 Al2 Ge2,17.053
mp-961685,Na1 Ca1 As1,21.704
mp-976220,Na1 Cd1 Hg2,8.211
mp-568428,K1 Na1 B2 H8,8.573
mp-14039,K2 Na1 Rh1 F6,22.615
mp-973352,Na2 Co6,168.403
mp-1029357,Na2 Zn2 N2,33.023
mp-5962,Na2 Mg2 As2,20.602
mp-6973,Cs2 Na2 S2,10.436
mp-976768,Na1 Mg3,5.894
mp-29069,Na1 Cu4 S4,22.313
mp-976133,Na1 As1 O3,121.985
mp-3744,Na2 Nb2 O4,99.169
mp-38103,Na1 Cl1 O4,11.502
mp-976863,Na1 Tm3,20.509
mp-976775,Na1 Mg1 O3,10.716
mp-950,Na2 Zn26,47.603
mp-978278,Na4 B24 H24,6.038
mp-989527,Cs2 Na1 N1 F6,18.173
mp-5693,Na1 Cr1 S2,34.579
mp-23918,Na2 Ga2 H8,8.089
mp-754718,Na2 Cu2 O4,20.992
mp-865098,Na1 La1 Au2,16.143
mp-30352,Na2 Ag4,20.815
mp-34240,Na1 Zn1 As1,15.206
mp-7914,Na1 Sc1 O2,66.176
mp-22483,Na2 In2 Te4,15.869
mp-975990,Na1 Li1 O3,13.061
mp-27335,Na2 Al2 Si2,19.975
mp-865107,Na1 Mg1 Pb2,7.06
mp-8754,Na4 Li4 Te4,15.62
mp-755581,Na1 Ce1 O2,36.388
mp-1008866,Na1 Ag1 O1,20.866
mp-4541,Na1 Cu1 O2,31.25
mp-1029407,Na2 Cr2 N4,88.233
mp-989514,Cs2 Na1 Sb1 Cl6,9.454
mp-3521,Na2 B2 F8,12.385
mp-10166,Na2 Al2 Se4,4.292
mp-13799,K2 Na1 Y1 F6,19.851
mp-989563,Rb2 Na1 Tl1 Cl6,8.845
mp-865119,Na1 Pr1 Hg2,14.842
mp-976968,Na1 Pd1 O3,38.431
mp-1007637,K1 Na1 H2,13.115
mp-20555,Na1 Pb3,14.898
mp-1029711,Na4 V4 N8,10.582
mp-570950,Na1 Li2 N1,13.772
mp-982370,Na4,3.678
mp-5339,Cs2 Na2 Te2,7.749
mp-865090,Na1 Ac1 Tl2,12.636
mp-23870,Na1 H1,19.487
mp-9069,K4 Na2 Al2 As4,14.515
mp-3671,Na8 Nb8 O24,59.156
mp-7440,Na8 P8,12.804
mp-977123,Na1 Ti1 O3,68.649
mp-27682,Na1 Sn1 S2,20.865
mp-9035,Na1 Lu1 S2,30.181
mp-977182,Na1 Nb3,176.789
mp-7002,Na1 Ti1 O2,63.701
mp-976319,Na1 Ho3,5.748
mp-5788,Na4 U4 O12,53.954
mp-975997,Na1 Li2 Pb1,13.808
mp-9573,Na2 Be2 As2,33.067
mp-976405,Na1 Er3,18.579
mp-754850,Na1 Ti1 S2,30.741
mp-5414,Na2 Sb2 S4,14.886
mp-8973,Na2 Si4 N6,116.13
mp-867147,Ba1 Na1 Hg2,2.7
mp-989608,Cs2 Na1 As1 Cl6,10.352
mp-3795,Na4 Zn4 F12,30.263
mp-6586,K2 Na1 Al1 F6,27.366
mp-989642,Cs2 Na1 Al1 H6,15.331
mp-865097,Na1 Hg1 Pd2,24.87
mp-989561,Na1 Tl2 Ga1 F6,18.37
mp-1009220,Na1 H1,4.462
mp-962066,Na1 Li1 Te1,-58.994
mp-977138,Na1 Tc3,62.388
mp-560037,Rb2 Na1 Bi1 F6,16.405
mp-976185,Na1 Be1 O3,30.372
mp-962067,Ba1 Na1 Sn1,3.472
mp-675531,Na2 Bi2 S4,21.644
mp-127,Na1,2.099
mp-7433,Na2 Cu2 Se2,20.221
mp-11180,Na2 C2,15.367
mp-8799,Rb2 Na2 S2,12.314
mp-13459,Na4 Cd4 Sb4,13.704
mp-976289,Na1 Cd2 Au1,7.419
mp-865145,Na1 Tl2 Bi1,8.941
mp-1009223,Na1 As1,26.894
mp-14038,Rb2 Na1 Rh1 F6,21.126
mp-974866,Rb3 Na1,1.364
mp-8868,Ba6 Na2 N2,2.319
mp-13815,Rb2 Na1 Er1 F6,19.848
mp-4824,Na2 Zn2 P2,26.866
mp-1022488,Na1 Mg6 Zr1,18.822
mp-754631,Na1 Cu2 O3,36.587
mp-977117,Na1 Te1 O3,78.761
mp-865111,Na1 Sm1 Au2,18.192
mp-865127,Na1 Tl2 Cd1,7.617
mp-865082,Na1 Ca1 Au2,20.408
mp-972941,Na2 Bi6,11.214
mp-989548,Rb2 Na1 Tl1 F6,17.791
mp-15668,Na4 Se4,11.917
mp-2725306,Na1 Cu3 O4,20.876
mp-973316,Na2 Li6,5.99
mp-643273,Na1 H2 Pd3,34.066
mp-755144,Na2 Li2 O2,39.05
mp-8470,Na2 Pr2 O4,42.149
mp-7240,Na1 Ru1 O2,16.158
mp-977128,Na1 Ru3,41.644
mp-865113,Na1 Nd1 Au2,17.696
mp-578606,Na1 Cu1 O2,57.044
mp-862945,Na1 Pm1 Te2,12.633
mp-755959,Na4 Li4 O4,16.356
mp-976971,Na1 Pd3,36.663
mp-22851,Na1 Cl1,4.456
mp-865120,Na1 Pa1 O3,57.938
mp-631337,Na1 Ta1 Ni1,-24.806
mp-9068,K4 Na2 Al2 P4,16.531
mp-758835,Na1 Cu6 O8,81.602
mp-2964,Na1 N1 O2,13.819
mp-22464,Na1 O3,12.571
mp-9574,Na2 Be2 Sb2,23.924
mp-4247,Na2 Zn2 Sb2,3.953
mp-1029466,Na4 Ni4 N4,29.1
mp-7469,Na4 Cu4 O4,22.586
mp-27176,Na2 Mn2 Cl6,9.818
mp-999490,Na1 Dy1 S2,27.774
mp-1009221,Na1 N1,18.325
mp-989523,Rb2 Na1 As1 F6,19.293
mp-1029313,Na2 Ru2 N2,35.617
mp-6058,K2 Na1 Sc1 F6,23.479
mp-989533,Na1 Tl2 In1 F6,17.814
mp-961703,Na1 Li1 Pt1,-40.599
mp-22916,Na1 Br1,11.281
mp-754567,Na1 Cd1 O2,28.076
mp-29529,Na2 Sn2 P2,18.993
mp-5077,Na1 Li2 Sb1,22.606
mp-865096,Na1 Ho1 Tl2,23.742
mp-976292,Na1 Cu1,11.216
mp-952566,Na2 Sn2 Sb2,13.031
mp-989568,Cs2 Na1 Mg1 F6,12.854
mp-7434,Na2 Cu2 Te2,15.202
mp-561536,Na2 Mg2 B2 O6,33.187
mp-997041,Na2 Cu2 O4,22.051
mp-34081,Na2 Y2 F8,32.05
mp-976236,Na1 Ca1 Tl2,11.459
mp-990084,Na2 Cl1,6.628
mp-697096,Na2 H4 Pt1,12.865
mp-863707,K1 Na2 Bi1,10.679
mp-15685,Na4 Cu2 As2,18.43
mp-28810,Na4 C2 S6,7.334
mp-865500,Na2 Hf2 O5,37.565
mp-865625,Na4 Mg2 Sn2,18.808
mp-5784,Na4 Ge2 O6,28.066
mp-13520,Na4 Zn2 Ge2,15.794
mp-2352,Na2 O1,30.58
mp-22313,Na2 Pt1 O2,27.803
mp-850251,Na2 Ti9 O19,20.715
mp-15724,K1 Na2 Sb1,12.629
mp-1018810,Na4 Cl2,-5.163
mp-9719,Na8 Li4 Al4 P8,27.656
mp-761872,Na4 Sn4 O6,23.861
mp-541989,Na2 C1 N2,19.095
mp-631339,Na2 Li1 Ta1,5.998
mp-546142,Na2 U1 O4,24.83
mp-20495,Na4 C2 O6,200.977
mp-1024067,Na8 Zn4 S8,14.149
mp-989504,Na2 Li1 N1 F6,30.306
mp-2784,Na2 Te1,11.389
mp-755974,Na2 Cu1 O2,24.372
mp-4961,Na2 Hg1 O2,23.423
mp-866132,Na2 Tl1 Sb1,18.578
mp-2340,Na6 O6,29.996
mp-864898,Na2 Tl1 Bi1,16.745
mp-1029309,Na2 Hf1 N2,21.646
mp-973056,Na2 Cd1 Hg1,7.485
mp-631554,Na2 Ti1 Au1,-23.148
mp-1029605,Na8 Mn4 N8,22.139
mp-556125,Na8 B4 H4 O12,18.023
mp-11820,Ba4 Na8,5.631
mp-556536,Na2 Zr1 Cu2 S4,19.957
mp-975275,Rb1 Na2 Sb1,10.261
mp-643260,Na2 H4 Pd1,11.385
mp-8871,Cs2 Na4 B2 O6,21.559
mp-23954,Na2 H2 Pd1,18.246
mp-3488,Na4 Ti6 O14,43.32
mp-7639,Na4 Cu2 P2,20.74
mp-7219,Na4 Zr2 Se6,21.712
mp-15113,Na4 Si6 O14,67.825
mp-2831941,Na2 Cd1 Sn1 S4,9.886
mp-27562,Na2 Pd3 O4,34.888
mp-7149,Na2 Li1 N1,16.882
mp-4823,Na2 Pd1 C2,22.117
mp-1136,Na6 As2,13.902
mp-3416,Na6 Al2 F12,28.155
mp-754483,Na3 Cu2 O4,21.098
mp-977403,Na3 Tl1,5.181
mp-675104,Na3 Y1 Cl6,8.16
mp-864742,Na3 Sn1,5.722
mp-977062,Na3 Ca1,2.301
mp-10167,Na3 Sb1 S4,4.399
mp-977189,Na3 Bi1,9.212
mp-27478,Na3 Pa1 F8,19.864
mp-8543,Na6 Al2 As4,12.749
mp-754352,Na6 Cu2 O4,26.427
mp-1006112,Na3 Co1,4.933
mp-977200,Na3 C1,4.584
mp-27321,Na6 Cu8 S8,18.701
mp-28602,Na3 Cl1 O1,22.436
mp-864765,Na3 Hf1 F8,17.57
mp-676512,Na3 Al1 F6,23.772
mp-34579,Na3 Hf1 F7,16.325
mp-999496,Na3 N1,13.547
mp-982773,Na3 Tl1,4.995
mp-985584,Na3 P1 S4,6.232
mp-27838,Na6 Bi2,10.693
mp-11738,Na6 P2 S6 O2,12.971
mp-983509,Na6 Cd2,6.122
mp-7956,Na6 Sb2,12.543
mp-29551,Na3 Hg1,5.4
mp-6328,Na2 Ti2 Sb2 O1,29.889
mp-1019551,Ba1 Na2 Mg1 P2 O8,46.497
mp-990440,Na8 Zr4 O12,50.952
mp-4770,Na4 S2 O8,21.97
mp-985586,Na3 Br1 O1,21.887
mp-473,Na12 P44,6.665
mp-2774343,Na3 Be1,4.861
mp-558432,Na24 P8 S16 O16,14.486
mp-2639,Na3 N1,11.725
mp-999495,Na3 N1,6.252
mp-779545,Na6 Cu2 O4,16.37
mp-542136,Na6 P2 S2 O6,22.051
mp-974270,Na3 Al1,4.102
mp-28630,Na12 B4 N8,24.856
mp-8703,Na3 Sb1 Se4,5.501
mp-8860,Na3 As1,11.722
mp-864758,Na3 In1,5.917
mp-982595,Na3 Re1,3.286
mp-982637,Na3 Mg1,4.612
mp-5122,Na6 Al2 P4,15.648
mp-864745,Na3 Zr1 F8,16.564
mp-28782,Na6 P2 S8,10.928
mp-1186018,Na3 Au1,6.198
mp-1029595,Na12 Os4 N8,20.467
mp-982981,Na6 Rh2,9.445
mp-982873,Na3 Tl1,3.209
mp-1598,Na6 P2,14.892
mp-3527,Na6 Ag2 O4,27.831
mp-27579,Na16 P8 O28,24.379
mp-22937,Na4 I2 O1,11.964
mp-28591,Na4 Hg1 P2,12.461
mp-542090,Na8 Al6 Si6 O24,28.081
mp-551886,Na4 C1 O4,11.846
mp-8752,Na4 Cd1 P2,12.6
mp-555678,Na4 Ti5 O12,60.956
mp-28698,Na4 Ir1 O4,21.927
mp-760492,Na4 Pt1 O4,30.888
mp-28599,Na4 Br2 O1,14.596
mp-568866,Na6 Zn1 Sn2,9.403
mp-778364,Na12 Ti4 O14,25.335
mp-3138,Na16 Sn2 Sb8,8.832
mp-28017,Na16 Ti10 O28,43.59
mp-8253,Na5 Re1 O6,37.483
mp-20067,Na5 Os1 O6,37.641
mp-29308,Na5 Co2 S5,14.373
mp-5929,Na20 Si4 P12,16.822
mp-1029574,Na10 Os2 N8,14.17
mp-760400,Na5 Bi1 O5,38.102
mp-11147,Na5 Cu1 S1 O2,18.576
mp-1029542,Na12 Mo2 N8,37.513
mp-8389,Na12 Zn2 S8,14.354
mp-1029656,Na12 W2 N8,38.074
mp-2861134,K1 Mg6 Zr1,17.592
mp-6178,Cs2 K1 Ti1 F6,-23.193
mp-962072,K1 Y1 Sn1,8.847
mp-3982,K2 Cu2 O4,17.182
mp-961648,K1 Ba1 P1,-12.045
mp-1029347,K2 Pt2 N2,33.563
mp-7438,K2 Zn2 Sb2,17.165
mp-546633,K1 Cl1 O4,7.16
mp-1021327,K1 Li1 I1 Cl1,8.606
mp-7077,K2 Au2 S2,6.053
mp-1029404,K2 Ge4 N6,78.625
mp-23959,K2 P2 H4 O8,16.417
mp-35035,K1 C1 N1,7.891
mp-7938,K2 Nb2 S4,46.405
mp-3827,K2 Fe2 S4,9.027
mp-6179,K2 Li2 S2 O8,20.883
mp-974061,K1 Si1 O3,117.855
mp-21847,K2 Mn2 As2,10.135
mp-5347,K1 Al1 F4,14.059
mp-8608,K1 Cu4 As2,20.635
mp-10102,K1 Ag1 C2,14.306
mp-1184755,K2,1.623
mp-16293,K4 Sb4 O12,73.035
mp-4495,K2 Li2 Te2,11.932
mp-1018031,K1 In1 O2,43.643
mp-30533,K2 Pt4 S6,13.097
mp-863707,K1 Na2 Bi1,10.679
mp-568747,K1 Ni2 Se2,17.982
mp-604318,K4,1.596
mp-4233,K2 Mn2 Sb2,12.876
mp-631473,K1 Ti2 Bi1,23.084
mp-976271,K1 Ti2 F7,38.463
mp-7621,K2 Tc2 O8,10.609
mp-6968,Cs2 K1 Cu1 F6,16.596
mp-973471,K1 Re1 O3,119.458
mp-974827,K1 Pr3,6.489
mp-24428,K2 H4 N2,10.617
mp-10175,K1 Cd1 F3,21.121
mp-1002081,K1 Na1 I1 Cl1,8.011
mp-7375,K1 Nb1 O3,30.726
mp-34857,K1 N1 O2,8.844
mp-6867,K1 Ca1 C1 O3 F1,29.357
mp-696752,K2 P2 H4 O8,10.626
mp-560767,K2 Na2 Ti2 O6,27.905
mp-463,K1 F1,16.899
mp-1866,K1 O2,9.593
mp-8175,K1 Tl1 O2,27.414
mp-669347,K2 Cu2 F6,33.758
mp-40143,Cs2 K1 Zr1 O1 F5,16.081
mp-10157,K1,1.235
mp-768864,K2 Nd2 O4,37.8
mp-643989,K2 H2 C2 O4,10.788
mp-5158,K4 N4 O12,8.418
mp-23289,K1 Cl1,8.644
mp-7437,K2 Zn2 P2,26.245
mp-4608,K1 P1 F6,7.181
mp-24084,K1 H1,10.516
mp-754158,K1 Nd1 O2,38.368
mp-631254,K1 Mn1 Ru1,-20.232
mp-773137,K2 Ca2 Bi2,8.723
mp-16236,K2 Ag2 Se2,13.172
mp-571263,K1 In9 Co2,29.539
mp-23526,K4 Cl4 O16,8.709
mp-982040,K1 Bi1 O3,65.445
mp-631322,K1 Sn1 Os1,15.074
mp-558518,K1 Ni2 S2,22.279
mp-567657,K1 Cu2 Se2,13.033
mp-973396,K1 Be1 O3,27.945
mp-22898,K1 I1,5.635
mp-4126,K1 U1 O3,67.688
mp-631296,K1 Hf1 Ni1,-234.104
mp-1021848,K1 Mg6 V1,15.503
mp-4668,K1 Co2 Se2,24.198
mp-4519,K1 Pr1 O2,36.621
mp-8267,K2 P2 S6,4.41
mp-23251,K1 Br1,7.473
mp-9349,K1 Rb2 Sc1 F6,13.221
mp-10417,K2 Sb2 O4,16.167
mp-28270,K4 Cu4 S4,5.768
mp-631345,K1 Zr2 Nb1,-9.647
mp-631318,K1 Si1 Tc2,-121.271
mp-982885,K1 Ca1 O3,3.548
mp-634431,K4 H4 C4 O12,11.61
mp-631274,K1 Fe1 P1,-39.447
mp-634676,K2 H2 S2,8.001
mp-19851,K2 In2 Te4,9.325
mp-631536,K1 B1 Ir2,27.99
mp-1019089,K2 Mg2 As2,18.243
mp-12015,K1 Ag2 As1 O4,19.499
mp-1017580,K1 Mg1 H3,-18.751
mp-989580,Cs2 K1 N1 F6,17.281
mp-29374,K4 Ga4 Sb16,13.849
mp-3614,K1 Ta1 O3,122.495
mp-982195,K1 Nd3,7.949
mp-30717,K2 Hg4,4.929
mp-2464440,K1 Ag1 Cl3,11.58
mp-6074,K1 Rb2 Ti1 F6,22.332
mp-973267,K1 Tc1 O3,111.434
mp-631314,K1 Ta1 Pt1,-22.546
mp-7622,K2 S2 O8,11.3
mp-12079,K1 Co2 S2,30.734
mp-1007637,K1 Na1 H2,13.115
mp-31368,K2 Cl2 O4,7.959
mp-973250,K1 La3,6.112
mp-755480,K2 Rb2 O2,5.392
mp-1018051,K1 Ti1 S2,33.931
mp-8409,K1 Y1 O2,46.437
mp-8454,K1 F1,14.164
mp-998913,K1 O3,5.756
mp-2828744,K1 Hf1 Mg6,17.306
mp-23193,K1 Cl1,9.177
mp-6870,K1 Be2 B1 O3 F2,34.42
mp-866169,K1 Tl2 Bi1,5.834
mp-7089,K2 Mg2 Sb2,14.48
mp-863710,K1 Ac1 Te2,18.514
mp-631525,K1 Hg2 B1,-237.864
mp-9318,K2 Zr2 Cu2 Se6,18.801
mp-11132,K2 Pr2 Te8,14.025
mp-569857,K8 P12,9.422
mp-6494,K2 Ca1 C2 O6,21.788
mp-8724,K4 Te2 O6,14.44
mp-863757,K4 Sb2 Au2,8.023
mp-9778,K4 Ag2 P2,11.106
mp-8700,K2 Au3,14.542
mp-10662,K4 C2 O6,-7.663
mp-7502,K2 Sn2 O3,16.772
mp-27839,K2 Ti1 Cl6,5.72
mp-8187,K4 Zn2 O4,9.082
mp-6686,K2 Na1 In1 F6,20.537
mp-3963,K8 C4 O12,12.321
mp-8262,K4 P6,9.501
mp-13797,K2 Na1 Cu1 F6,24.134
mp-8415,K2 Hf1 F6,25.252
mp-27138,K2 Pd1 Br4,5.644
mp-23956,K2 Mg1 H4,17.351
mp-7824,K2 Re1 F6,10.888
mp-7667,K4 S6,9.043
mp-9672,K4 Ni2 P4,13.474
mp-27243,K2 Pt1 Br4,5.618
mp-1022,K2 S1,9.782
mp-13798,K2 Na1 Tl1 F6,18.04
mp-31212,K2 Mg1 F4,26.717
mp-8621,K2 Pt1 Se2,14.58
mp-27304,K2 Mn1 Cl6,6.094
mp-643257,K2 H4 Pd1,8.069
mp-867920,K2 Rh2 O5,47.77
mp-8623,K2 Te2 Pt1,10.459
mp-14039,K2 Na1 Rh1 F6,22.615
mp-3970,K2 Ti1 F6,12.002
mp-27691,K2 Pt1 Br6,5.95
mp-8446,K4 Cu2 P2,10.978
mp-7643,K4 Ag2 Sb2,9.354
mp-1025158,K2 Pu1 O4,28.851
mp-3042,K2 Si1 F6,10.152
mp-15684,K4 Cu2 As2,9.944
mp-20623,K4 Cd2 C8 N8,5.221
mp-571440,K8 Cu4 Br12,7.497
mp-8891,K2 Zr1 B2 O6,34.028
mp-13190,K1 Rb2 Ga1 F6,15.358
mp-8756,K2 Li2 Se2,15.306
mp-12414,K1 U2 Se6,22.025
mp-22901,K1 I1,5.209
mp-15687,K1 Zn1 As1,20.548
mp-571124,Cs2 K1 Sc1 Cl6,7.863
mp-7569,K1 As1 F6,6.563
mp-23846,K2 H2 F4,13.538
mp-7911,K4 Cu4 O4,14.741
mp-15724,K1 Na2 Sb1,12.629
mp-4950,K1 Ca1 F3,25.296
mp-549490,K1 Nb4 O5 F1,85.723
mp-7959,K1 Er1 O2,49.484
mp-12532,K1 Ag2 P1 S4,13.319
mp-1076,K1 B6,97.556
mp-22958,K1 Br1 O3,10.994
mp-1019105,K2 Mg2 Bi2,12.079
mp-6847,K1 Y2 Ti2 S2 O5,31.84
mp-35276,K1 Fe2 As2,24.423
mp-10092,K1 Cu4 Se3,14.519
mp-29138,K2 Au2 Se4,8.939
mp-10161,K1 Zn1 Sb1,15.515
mp-827,K2 N6,11.746
mp-568428,K1 Na1 B2 H8,8.573
mp-3553,K2 Te2 Au2,13.392
mp-27418,K1 Au1 O2,18.352
mp-3448,K1 Mg1 F3,43.567
mp-27677,K1 Cu4 S3,18.881
mp-5246,K1 Nb1 O3,50.363
mp-559612,K4 Li4 O4,20.733
mp-5566,K2 Cu2 F6,30.35
mp-1021423,K1 Mg6 Ti1,21.953
mp-7483,K4 Hg4 F12,12.972
mp-4342,K1 Nb1 O3,60.647
mp-570303,K2 Tm2 I6,7.948
mp-556609,K2 Sb2 P4 S12,6.848
mp-569886,K1 In9 Ni2,20.557
mp-1018652,K2 Cd2 Sb2,8.899
mp-7387,K2 Ag2 F8,10.958
mp-40204,K1 Zr1 Tl2 O1 F5,7.198
mp-631464,K1 Be1 Pt1,-104.989
mp-8188,K1 Sc1 O2,57.465
mp-760376,K1 Ti1 O3,24.293
mp-9884,K2 Fe2 Se4,7.483
mp-5878,K1 Zn1 F3,33.286
mp-962073,K1 Ba1 Sn1,11.023
mp-935811,K1 Nb1 O3,109.553
mp-2910,K2 Al2 F8,19.31
mp-2789384,K1 Mg6 Nb1,18.969
mp-981313,K1 Tb1 O3,2.471
mp-10165,K2 Al2 Te4,10.999
mp-1002083,Cs1 K1 I1 Cl1,5.533
mp-7940,K2 Nb2 Se4,37.527
mp-989585,Cs2 K1 Pb1 F6,13.579
mp-7421,K2 Zn2 As2,21.894
mp-1009048,K1 Ag1 O1,64.93
mp-1018072,K1 Ti1 S2,33.145
mp-984357,Cs1 K1 O3,33.016
mp-882700,K2 Ti2 F8,13.954
mp-27865,K4 Mg4 Cl12,15.706
mp-12098,K1 P2 Rh2,32.9
mp-973830,K1 Er1 O3,3.327
mp-6812,K4 Ba4 P4 O16,26.743
mp-9490,K1 Ag2 Sb1 S4,10.721
mp-753774,K1 Tm1 O2,50.551
mp-9061,K1 Pd1 F3,19.737
mp-974842,K1 Pt1 O3,51.104
mp-6560,K2 S2 O4 F2,8.399
mp-569408,K1 Co2 As2,28.456
mp-631329,K1 Mo1 Ru2,48.436
mp-15781,K1 La1 S2,20.828
mp-1021424,K1 Mg6 Mo1,21.388
mp-7436,K2 Cu2 Te2,17.875
mp-4026,K1 Cr1 S2,34.149
mp-631408,K1 Si2 Hg1,-13.397
mp-23737,K1 Mg1 H3,31.061
mp-14796,K2 Pt4 Se6,11.179
mp-7420,K2 Hg2 As2,14.645
mp-8013,K1 Ru1 F6,4.906
mp-570891,K1 Br1,7.04
mp-1023129,K1 Cu1 Cl3,17.3
mp-15783,K1 Sm1 S2,25.094
mp-9881,K2 Au2 Se2,5.715
mp-5309,K2 Au2 F8,10.288
mp-23562,K2 I2 O8,10.494
mp-989529,K1 Rb2 In1 Cl6,-18.145
mp-754883,K1 Ho1 O2,47.939
mp-551092,K2 Li2 Zn2 O4,29.535
mp-636056,K2 N6,4.685
mp-1029444,K4 Co4 N4,33.031
mp-974738,K1 Sr3,4.846
mp-7435,K2 Cu2 Se2,21.711
mp-23487,K4 I4 O12,14.11
mp-20422,K2 Mn2 P2,9.709
mp-626785,K2 H2 O2,17.006
mp-555576,K2 Na2 S4 O14,12.267
mp-556084,K4 Cl4 O12,8.247
mp-3486,K2 Sn2 Sb2,13.626
mp-10423,K1 Au1 C2,17.635
mp-1029336,K4 Zn4 N4,12.387
mp-9583,K2 Zn1 F4,20.696
mp-9486,K2 Al1 F5,13.57
mp-22956,K2 Pd1 Cl4,6.796
mp-14168,K4 Ge2 F12,11.68
mp-540584,K2 Pd1 O2,17.436
mp-1023132,K4 Cu2 Cl4 F4,10.273
mp-504935,K8 Pb4 O12,19.096
mp-22756,K4 Pb2 O6,17.293
mp-4731,K2 U1 F6,21.626
mp-9839,K2 Li1 Al1 F6,25.226
mp-10408,K2 C1 N2,14.596
mp-23036,K2 Se1 Br6,5.006
mp-9068,K4 Na2 Al2 P4,16.531
mp-5699,K2 Cu1 F4,18.902
mp-23513,K2 Pt1 Cl6,6.625
mp-6058,K2 Na1 Sc1 F6,23.479
mp-569149,K2 Te1 Cl6,5.438
mp-568914,K2 W1 Cl6,5.031
mp-8414,K2 Hf1 F6,6.037
mp-643279,K2 H6 Pt1,9.309
mp-2672,K4 O4,16.455
mp-1747,K2 Te1,7.26
mp-568333,K2 Sn1 Br6,4.995
mp-23505,K2 Te1 Br6,4.976
mp-28163,K2 Pd1 F4,9.85
mp-22947,K2 Re1 Cl6,6.545
mp-4529,K8 S4 O16,16.186
mp-13799,K2 Na1 Y1 F6,19.851
mp-10381,K4 Cu2 Sb2,8.653
mp-989587,K2 S1 Br1 Cl6,-4.917
mp-3808,K2 U1 O4,29.379
mp-9069,K4 Na2 Al2 As4,14.515
mp-695998,K8 Zn4 H16,11.148
mp-23067,K2 Pd1 Cl6,6.418
mp-27835,K2 Os1 Br6,5.247
mp-6586,K2 Na1 Al1 F6,27.366
mp-1021516,K2 Sn1,3.639
mp-22934,K2 Pt1 Cl4,6.669
mp-8426,K2 Se1,8.676
mp-7928,K2 Pt1 S2,17.968
mp-4264,K4 S4 O10,10.521
mp-863759,Cs1 K2 Bi1,6.637
mp-27207,K2 Mg1 Cl4,10.672
mp-23021,K2 Re1 Br6,5.229
mp-3821,K2 Pt1 F6,10.53
mp-571594,K6 Ag2 Sn6 Se16,7.569
mp-982665,K3 In1,3.261
mp-973627,K3 Sr1,1.341
mp-14018,K6 As2,5.999
mp-568516,K3 Bi1,5.881
mp-1029756,K12 B4 N8,12.232
mp-28980,K12 Bi4 Se12,7.072
mp-7439,K3 Cu3 P2,10.614
mp-11801,K6 N2,1.43
mp-571461,K4 Zn1 As2,7.556
mp-29584,K4 Be1 As2,8.037
mp-768368,K4 I2 O1,7.139
mp-11719,K4 Zn1 P2,8.485
mp-28302,K4 Cd1 P2,7.963
mp-29484,K4 Hg1 As2,7.232
mp-8753,K4 Hg1 P2,8.277
mp-29585,K4 Cd1 As2,7.057
mp-551736,K4 C1 O4,0.411
mp-28627,K4 Br2 O1,8.724
mp-9872,K4 Be1 P2,8.524
mp-8624,K4 Sn4 O6,15.91
mp-31363,K2 Ta1 Cl6,4.805
mp-7979,K2 Pd1 F6,9.335
mp-581024,Cs1 K2 Sb1,7.769
mp-9687,K4 P2 Au2,9.22
mp-27632,K2 Tc1 Cl6,5.731
mp-971,K4 O2,12.49
mp-23499,K2 Sn1 Cl6,5.661
mp-28166,K3 Br1 O1,12.792
mp-10159,K3 Sb1,6.582
mp-973554,K3 Sm1,12.973
mp-28273,K24 Cu8 O16,13.205
mp-1184863,K3 Mo1,2.555
mp-690789,K3 Re1 H6,8.757
mp-983388,K3 Hg1,0.904
mp-684709,K6 B34,68.913
mp-974641,K3 Tl1,0.352
mp-9200,K3 Au1 O1,11.654
mp-28171,K3 I1 O1,12.762
mp-973446,K3 W1,2.93
mp-973614,K3 Sn1,2.325
mp-29379,K12 Bi4 Te12,4.756
mp-973528,K3 Si1,0.64
mp-14205,K3 Cu3 As2,10.21
mp-9665,K6 B2 As4,7.368
mp-557753,K12 P4 O16,19.669
mp-974627,K3 Tl1,2.908
mp-982780,K3 Cd1,2.625
mp-973622,K3 Sr1,1.584
mp-973271,K3 Y1,-10.74
mp-973265,K3 Zr1,2.439
mp-973535,K3 Sc1,1.21
mp-982664,K3 In1,3.082
mp-7897,K6 P2,6.039
mp-23697,K3 Al1 H6,-53.67
mp-9664,K6 B2 P4,8.013
